key	source	entry_name	alternative_names	nomenclature_trouble	mol_type	dna_accession	blastn_evalue	dna_snp	dna_sequence	prot_accession	blastp_evalue	prot_snp	prot_sequence	function_grp_names	mechanism_names	operon_grp_name	cluster90_grp_name	comment	taxonomy	reference	curated_by
2068_3234	CARD_2068_3234	Escherichia coli 16S rRNA mutation conferring resistance to edeine			cds	U00096	1e-30		TAAGGAGGTGATCCAACCGCAGGTTCCCCTACGGTTACCTTGTTACGACTTCACCCCAGTCATGAATCACAAAGTGGTAAGCGCCCTCCCGAAGGTTAAGCTACCTACTTCTTTTGCAACCCACTCCCATGGTGTGACGGGCGGTGTGTACAAGGCCCGGGAACGTATTCACCGTGGCATTCTGATCCACGATTACTAGCGATTCCGACTTCATGGAGTCGAGTTGCAGACTCCAATCCGGACTACGACGCACTTTATGAGGTCCGCTTGCTCTCGCGAGGTCGCTTCTCTTTGTATGCGCCATTGTAGCACGTGTGTAGCCCTGGTCGTAAGGGCCATGATGACTTGACGTCATCCCCACCTTCCTCCAGTTTATCACTGGCAGTCTCCTTTGAGTTCCCGGCCGGACCGCTGGCAACAAAGGATAAGGGTTGCGCTCGTTGCGGGACTTAACCCAACATTTCACAACACGAGCTGACGACAGCCATGCAGCACCTGTCTCACGGTTCCCGAAGGCACATTCTCATCTCTGAAAACTTCCGTGGATGTCAAGACCAGGTAAGGTTCTTCGCGTTGCATCGAATTAAACCACATGCTCCACCGCTTGTGCGGGCCCCCGTCAATTCATTTGAGTTTTAACCTTGCGGCCGTACTCCCCAGGCGGTCGACTTAACGCGTTAGCTCCGGAAGCCACGCCTCAAGGGCACAACCTCCAAGTCGACATCGTTTACGGCGTGGACTACCAGGGTATCTAATCCTGTTTGCTCCCCACGCTTTCGCACCTGAGCGTCAGTCTTCGTCCAGGGGGCCGCCTTCGCCACCGGTATTCCTCCAGATCTCTACGCATTTCACCGCTACACCTGGAATTCTACCCCCCTCTACGAGACTCAAGCTTGCCAGTATCAGATGCAGTTCCCAGGTTGAGCCCGGGGATTTCACATCTGACTTAACAAACCGCCTGCGTGCGCTTTACGCCCAGTAATTCCGATTAACGCTTGCACCCTCCGTATTACCGCGGCTGCTGGCACGGAGTTAGCCGGTGCTTCTTCTGCGGGTAACGTCAATGAGCAAAGGTATTAACTTTACTCCCTTCCTCCCCGCTGAAAGTACTTTACAACCCGAAGGCCTTCTTCATACACGCGGCATGGCTGCATCAGGCTTGCGCCCATTGTGCAATATTCCCCACTGCTGCCTCCCGTAGGAGTCTGGACCGTGTCTCAGTTCCAGTGTGGCTGGTCATCCTCTCAGACCAGCTAGGGATCGTCGCCTAGGTGAGCCGTTACCCCACCTACTAGCTAATCCCATCTGGGCACATCCGATGGCAAGAGGCCCGAAGGTCCCCCTCTTTGGTCTTGCGACGTTATGCGGTATTAGCTACCGTTTCCAGTAGTTATCCCCCTCCATCAGGCAGTTTCCCAGACATTACTCACCCGTCCGCCACTCGTCAGCAAAGAAGCAAGCTTCTTCCTGTTACCGTTCGACTTGCATGTGTTAGGCCTGCCGCCAGCGTTCAATCTGAGCCATGATCAAACTCTTCAATTT		1e-50	T1506A,A1499G			antibiotic resistant gene variant or mutant|peptide antibiotic resistance gene|polyamine resistance gene			Point mutations in the 3' minor domain of the 16S rRNA in Escherichia coli can confer resistance to edeine			
2069_3235	CARD_2069_3235	Escherichia coli 16S rRNA mutation in the rrsB gene conferring resistance to neomycin			cds	U00096	1e-30		TAAGGAGGTGATCCAACCGCAGGTTCCCCTACGGTTACCTTGTTACGACTTCACCCCAGTCATGAATCACAAAGTGGTAAGCGCCCTCCCGAAGGTTAAGCTACCTACTTCTTTTGCAACCCACTCCCATGGTGTGACGGGCGGTGTGTACAAGGCCCGGGAACGTATTCACCGTGGCATTCTGATCCACGATTACTAGCGATTCCGACTTCATGGAGTCGAGTTGCAGACTCCAATCCGGACTACGACGCACTTTATGAGGTCCGCTTGCTCTCGCGAGGTCGCTTCTCTTTGTATGCGCCATTGTAGCACGTGTGTAGCCCTGGTCGTAAGGGCCATGATGACTTGACGTCATCCCCACCTTCCTCCAGTTTATCACTGGCAGTCTCCTTTGAGTTCCCGGCCGGACCGCTGGCAACAAAGGATAAGGGTTGCGCTCGTTGCGGGACTTAACCCAACATTTCACAACACGAGCTGACGACAGCCATGCAGCACCTGTCTCACGGTTCCCGAAGGCACATTCTCATCTCTGAAAACTTCCGTGGATGTCAAGACCAGGTAAGGTTCTTCGCGTTGCATCGAATTAAACCACATGCTCCACCGCTTGTGCGGGCCCCCGTCAATTCATTTGAGTTTTAACCTTGCGGCCGTACTCCCCAGGCGGTCGACTTAACGCGTTAGCTCCGGAAGCCACGCCTCAAGGGCACAACCTCCAAGTCGACATCGTTTACGGCGTGGACTACCAGGGTATCTAATCCTGTTTGCTCCCCACGCTTTCGCACCTGAGCGTCAGTCTTCGTCCAGGGGGCCGCCTTCGCCACCGGTATTCCTCCAGATCTCTACGCATTTCACCGCTACACCTGGAATTCTACCCCCCTCTACGAGACTCAAGCTTGCCAGTATCAGATGCAGTTCCCAGGTTGAGCCCGGGGATTTCACATCTGACTTAACAAACCGCCTGCGTGCGCTTTACGCCCAGTAATTCCGATTAACGCTTGCACCCTCCGTATTACCGCGGCTGCTGGCACGGAGTTAGCCGGTGCTTCTTCTGCGGGTAACGTCAATGAGCAAAGGTATTAACTTTACTCCCTTCCTCCCCGCTGAAAGTACTTTACAACCCGAAGGCCTTCTTCATACACGCGGCATGGCTGCATCAGGCTTGCGCCCATTGTGCAATATTCCCCACTGCTGCCTCCCGTAGGAGTCTGGACCGTGTCTCAGTTCCAGTGTGGCTGGTCATCCTCTCAGACCAGCTAGGGATCGTCGCCTAGGTGAGCCGTTACCCCACCTACTAGCTAATCCCATCTGGGCACATCCGATGGCAAGAGGCCCGAAGGTCCCCCTCTTTGGTCTTGCGACGTTATGCGGTATTAGCTACCGTTTCCAGTAGTTATCCCCCTCCATCAGGCAGTTTCCCAGACATTACTCACCCGTCCGCCACTCGTCAGCAAAGAAGCAAGCTTCTTCCTGTTACCGTTCGACTTGCATGTGTTAGGCCTGCCGCCAGCGTTCAATCTGAGCCATGATCAAACTCTTCAATTT		1e-50	A1408G			aminoglycoside resistance gene|antibiotic resistant gene variant or mutant			Point mutations in the 3' minor domain of helix 44, in the rrsB 16S rRNA gene of Escherichia coli can confer resistance to neomycin			
2070_3261	CARD_2070_3261	Mycobacterium tuberculosis 16S rRNA mutation conferring resistance to amikacin			cds	AL123456.3	1e-30		AGAAAGGAGGTGATCCAGCCGCACCTTCCGGTACGGCTACCTTGTTACGACTTCGTCCCAATCGCCGATCCCACCTTCGACAGCTCCCTCCCGAGGGTTAGGCCACTGGCTTCGGGTGTTACCGACTTTCATGACGTGACGGGCGGTGTGTACAAGGCCCGGGAACGTATTCACCGCAGCGTTGCTGATCTGCGATTACTAGCGACTCCGACTTCACGGGGTCGAGTTGCAGACCCCGATCCGAACTGAGACCGGCTTTTAAGGATTCGCTTAACCTCGCGGCATCGCAGCCCTTTGTACCGGCCATTGTAGCATGTGTGAAGCCCTGGACATAAGGGGCATGATGACTTGACGTCATCCCCACCTTCCTCCGAGTTGACCCCGGCAGTCTCTCACGAGTCCCCACCATTACGTGCTGGCAACATGAGACAAGGGTTGCGCTCGTTGCGGGACTTAACCCAACATCTCACGACACGAGCTGACGACAGCCATGCACCACCTGCACACAGGCCACAAGGGAACGCCTATCTCTAGACGCGTCCTGTGCATGTCAAACCCAGGTAAGGTTCTTCGCGTTGCATCGAATTAATCCACATGCTCCGCCGCTTGTGCGGGCCCCCGTCAATTCCTTTGAGTTTTAGCCTTGCGGCCGTACTCCCCAGGCGGGGTACTTAATGCGTTAGCTACGGCACGGATCCCAAGGAAGGAAACCCACACCTAGTACCCACCGTTTACGGCGTGGACTACCAGGGTATCTAATCCTGTTCGCTCCCCACGCTTTCGCTCCTCAGCGTCAGTTACTGCCCAGAGACCCGCCTTCGCCACCGGTGTTCCTCCTGATATCTGCGCATTCCACCGCTACACCAGGAATTCCAGTCTCCCCTGCAGTACTCTAGTCTGCCCGTATCGCCCGCACGCTCACAGTTAAGCCGTGAGATTTCACGAACAACGCGACAAACCACCTACGAGCTCTTTACGCCCAGTAATTCCGGACAACGCTCGCACCCTACGTATTACCGCGGCTGCTGGCACGTAGTTGGCCGGTGCTTCTTCTCCACCTACCGTCAATCCGAGAGAACCCGGACCTTCGTCGATGGTGAAAGAGGTTTACAACCCGAAGGCCGTCATCCCCCACGCGGCGTCGCTGCATCAGGCTTGCGCCCATTGTGCAATATTCCCCACTGCTGCCTCCCGTAGGAGTCTGGGCCGTATCTCAGTCCCAGTGTGGCCGGACACCCTCTCAGGCCGGCTACCCGTCGTCGCCTTGGTAGGCCGTCACCCCACCAACAAGCTGATAGGCCGCGGGCTCATCCCACACCGCTAAAGCGCTTTCCACCACAAGACATGCATCCCGTGGTCCTATCCGGTATTAGACCCAGTTTCCCAGGCTTATCCCGAAGTGCAGGGCAGATCACCCACGTGTTACTCACCCGTTCGCCACTCGAGTATCTCCGAAGAGACCTTTCCGTTCGACTTGCATGTGTTAAGCACGCCGCCAGCGTTCGTCCTGAGCCAGGATCAAACTCTCCAAACAAAA		1e-50	A1401G			aminoglycoside resistance gene|antibiotic resistant gene variant or mutant			Point mutations in the 3' domain of 16S rRNA of Mycobacterium tuberculosis can confer resistance to amikacin.			
2073_3230	CARD_2073_3230	Escherichia coli 16S rRNA mutation in the rrsB gene conferring resistance to G418			cds	U00096	1e-30		TAAGGAGGTGATCCAACCGCAGGTTCCCCTACGGTTACCTTGTTACGACTTCACCCCAGTCATGAATCACAAAGTGGTAAGCGCCCTCCCGAAGGTTAAGCTACCTACTTCTTTTGCAACCCACTCCCATGGTGTGACGGGCGGTGTGTACAAGGCCCGGGAACGTATTCACCGTGGCATTCTGATCCACGATTACTAGCGATTCCGACTTCATGGAGTCGAGTTGCAGACTCCAATCCGGACTACGACGCACTTTATGAGGTCCGCTTGCTCTCGCGAGGTCGCTTCTCTTTGTATGCGCCATTGTAGCACGTGTGTAGCCCTGGTCGTAAGGGCCATGATGACTTGACGTCATCCCCACCTTCCTCCAGTTTATCACTGGCAGTCTCCTTTGAGTTCCCGGCCGGACCGCTGGCAACAAAGGATAAGGGTTGCGCTCGTTGCGGGACTTAACCCAACATTTCACAACACGAGCTGACGACAGCCATGCAGCACCTGTCTCACGGTTCCCGAAGGCACATTCTCATCTCTGAAAACTTCCGTGGATGTCAAGACCAGGTAAGGTTCTTCGCGTTGCATCGAATTAAACCACATGCTCCACCGCTTGTGCGGGCCCCCGTCAATTCATTTGAGTTTTAACCTTGCGGCCGTACTCCCCAGGCGGTCGACTTAACGCGTTAGCTCCGGAAGCCACGCCTCAAGGGCACAACCTCCAAGTCGACATCGTTTACGGCGTGGACTACCAGGGTATCTAATCCTGTTTGCTCCCCACGCTTTCGCACCTGAGCGTCAGTCTTCGTCCAGGGGGCCGCCTTCGCCACCGGTATTCCTCCAGATCTCTACGCATTTCACCGCTACACCTGGAATTCTACCCCCCTCTACGAGACTCAAGCTTGCCAGTATCAGATGCAGTTCCCAGGTTGAGCCCGGGGATTTCACATCTGACTTAACAAACCGCCTGCGTGCGCTTTACGCCCAGTAATTCCGATTAACGCTTGCACCCTCCGTATTACCGCGGCTGCTGGCACGGAGTTAGCCGGTGCTTCTTCTGCGGGTAACGTCAATGAGCAAAGGTATTAACTTTACTCCCTTCCTCCCCGCTGAAAGTACTTTACAACCCGAAGGCCTTCTTCATACACGCGGCATGGCTGCATCAGGCTTGCGCCCATTGTGCAATATTCCCCACTGCTGCCTCCCGTAGGAGTCTGGACCGTGTCTCAGTTCCAGTGTGGCTGGTCATCCTCTCAGACCAGCTAGGGATCGTCGCCTAGGTGAGCCGTTACCCCACCTACTAGCTAATCCCATCTGGGCACATCCGATGGCAAGAGGCCCGAAGGTCCCCCTCTTTGGTCTTGCGACGTTATGCGGTATTAGCTACCGTTTCCAGTAGTTATCCCCCTCCATCAGGCAGTTTCCCAGACATTACTCACCCGTCCGCCACTCGTCAGCAAAGAAGCAAGCTTCTTCCTGTTACCGTTCGACTTGCATGTGTTAGGCCTGCCGCCAGCGTTCAATCTGAGCCATGATCAAACTCTTCAATTT		1e-50	T1406A			aminoglycoside resistance gene|antibiotic resistant gene variant or mutant			Point mutations in the 3' minor domain of helix 44, in the rrsB 16S rRNA gene of Escherichia coli can confer resistance to G418			
2074_3227	CARD_2074_3227	Salmonella enterica serovar Typhimurium 16S rRNA mutation in the rrsD gene conferring resistance to spectinomycin			cds	AE006468	1e-30		AATTGAAGAGTTTGATCATGGCTCAGATTGAACGCTGGCGGCAGGCCTAACACATGCAAGTCGAACGGTAACAGGAAGCAGCTTGCTGCTTCGCTGACGAGTGGCGGACGGGTGAGTAATGTCTGGGAAACTGCCTGATGGAGGGGGATAACTACTGGAAACGGTGGCTAATACCGCATAACGTCGCAAGACCAAAGAGGGGGACCTTCGGGCCTCTTGCCATCAGATGTGCCCAGATGGGATTAGCTTGTTGGTGAGGTAACGGCTCACCAAGGCGACGATCCCTAGCTGGTCTGAGAGGATGACCAGCCACACTGGAACTGAGACACGGTCCAGACTCCTACGGGAGGCAGCAGTGGGGAATATTGCACAATGGGCGCAAGCCTGATGCAGCCATGCCGCGTGTATGAAGAAGGCCTTCGGGTTGTAAAGTACTTTCAGCGGGGAGGAAGGTGTTGTGGTTAATAACCGCAGCAATTGACGTTACCCGCAGAAGAAGCACCGGCTAACTCCGTGCCAGCAGCCGCGGTAATACGGAGGGTGCAAGCGTTAATCGGAATTACTGGGCGTAAAGCGCACGCAGGCGGTCTGTCAAGTCGGATGTGAAATCCCCGGGCTCAACCTGGGAACTGCATTCGAAACTGGCAGGCTTGAGTCTTGTAGAGGGGGGTAGAATTCCAGGTGTAGCGGTGAAATGCGTAGAGATCTGGAGGAATACCGGTGGCGAAGGCGGCCCCCTGGACAAAGACTGACGCTCAGGTGCGAAAGCGTGGGGAGCAAACAGGATTAGATACCCTGGTAGTCCACGCCGTAAACGATGTCTACTTGGAGGTTGTGCCCTTGAGGCGTGGCTTCCGGAGCTAACGCGTTAAGTAGACCGCCTGGGGAGTACGGCCGCAAGGTTAAAACTCAAATGAATTGACGGGGGCCCGCACAAGCGGTGGAGCATGTGGTTTAATTCGATGCAACGCGAAGAACCTTACCTGGTCTTGACATCCACAGAACTTTCCAGAGATGGATTGGTGCCTTCGGGAACTGTGAGACAGGTGCTGCATGGCTGTCGTCAGCTCGTGTTGTGAAATGTTGGGTTAAGTCCCGCAACGAGCGCAACCCTTATCCTTTGTTGCCAGCGATTAGGTCGGGAACTCAAAGGAGACTGCCAGTGATAAACTGGAGGAAGGTGGGGATGACGTCAAGTCATCATGGCCCTTACGACCAGGGCTACACACGTGCTACAATGGCGCATACAAAGAGAAGCGACCTCGCGAGAGCAAGCGGACCTCATAAAGTGCGTCGTAGTCCGGATTGGAGTCTGCAACTCGACTCCATGAAGTCGGAATCGCTAGTAATCGTGGATCAGAATGCCACGGTGAATACGTTCCCGGGCCTTGTACACACCGCCCGTCACACCATGGGAGTGGGTTGCAAAAGAAGTAGGTAGCTTAACCTTCGGGAGGGCGCTTACCACTTTGTGATTCATGACTGGGGTGAAGTCGTAACAAGGTAACCGTAGGGGAACCTGCGGTTGGATCACCTCCTTACCT		1e-50	C1192T,C1065T			aminoglycoside resistance gene|antibiotic resistant gene variant or mutant			Point mutations in the helix 34 region of the rrsD 16S rRNA gene of Salmonella enterica serovar Typhimurium can confer resistance to spectinomycin			
2076_3265	CARD_2076_3265	Neisseria gonorrhoeae 16S rRNA mutation conferring resistance to spectinomycin			cds	NR_103917.1	1e-30		TAGAAAGGAGGTGATCCAGCCGCAGGTTCCCCTACGGCTACCTTGTTACGACTTCACCCCAGTCATGAAGCATACCGTGGTAAGCGGACTCCTTGCGGTTACCCTACCTACTTCTGGTATCCCCCACTCCCATGGTGTGACGGGCGGTGTGTACAAGACCCGGGAACGTATTCACCGCAGTATGCTGACCTGCGATTACTAGCGATTCCGACTTCATGCACTCGAGTTGCAGAGTGCAATCCGGACTACGATCGGTTTTGTGAGATTGGCTCCGCCTCGCGGCTTGGCTACCCTCTGTACCGACCATTGTATGACGTGTGAAGCCCTGGTCATAAGGGCCATGAGGACTTGACGTCATCCCCACCTTCCTCCGGCTTGTCACCGGCAGTCTCATTAGAGTGCCCAACCGAATGATGGCAACTAATGACAAGGGTTGCGCTCGTTGCGGGACTTAACCCAACATCTCACGACACGAGCTGACGACAGCCATGCAGCACCTGTGTTACGGCTCCCGAAGGCACTCCTCCGTCTCCGGAGGATTCCGCACATGTCAAAACCAGGTAAGGTTCTTCGCGTTGCATCGAATTAATCCACATCATCCACCGCTTGTGCGGGTCCCCGTCAATTCCTTTGAGTTTTAATCTTGCGACCGTACTCCCCAGGCGGTCAATTTCACGCGTTAGCTACGCTACCAAGCAATCAAGTTGCCCAACAGCTAATTGACATCGTTTAGGGCGTGGACTACCAGGGTATCTAATCCTGTTTGCTACCCACGCTTTCGGACATGAACGTCAGTGTTATCCCAGGAGGCTGCCTTCGCCATCGGTATTCCTCCACATCTCTACGCATTTCACTGCTACACGTGGAATTCCACCTCCCTCTGACACACTCGAGTCACCCAGTTCAGAACGCAGTTCCCGGGTTGAGCCCGGGGATTTCACATCCTGCTTAAGTAACCGTCTGCGCCCGCTTTACGCCCAGTAATTCCGATTAACGCTCGCACCCTACGTATTACCGCGGCTGCTGGCACGTAGTTAGCCGGTGCTTATTCTTCAGGTACCGTCATCGGCCGCCGATATTGGCAACGGCCTTTTCTTCCCTGACAAAAGTCCTTTACAACCCGAAGGCCTTCTTCAGACACGCGGCATGGCTGGATCAGGCTTGCGCCCATTGTCCAAAATTCCCCACTGCTGCCTCCCGTAGGAGTCTGGGCCGTGTCTCAGTCCCAGTGTGGCGGATCATCCTCTCAGACCCGCTACTGATCGTCGCCTTGGTGGGCCTTTACCCCGCCAACCAGCTAATCAGATATCGGCCGCTCGGATAGCGCAAGGCCCGAAGGTCCCCTGCTTTCCCTCTCAAGACGTATGCGGTATTAGCTGATCTTTCGATCAGTTATCCCCCGCTACCCGGTACGTTCCGATATGTTACTCACCCGTTCGCCACTCGCCACCCGAGAAGCAAGCTTCCCTGTGCTGCCGTCCGACTTGCATGTGTAAAGCATGCCGCCAGCGTTCAATCTGAGCCAGGATCAAACTCTTATGTTCA		1e-50	C1192T			aminoglycoside resistance gene|antibiotic resistant gene variant or mutant			Point mutations in the helix 34 region of 16S rRNA of Neisseria gonorrhoeae can confer resistance against spectinomycin			
2077_3247	CARD_2077_3247	Mycobacterium smegmatis 16S rRNA mutation in the rrsA gene conferring resistance to neomycin			cds	NC_008596.1	1e-30		AGAAAGGAGGTGATCCAGCCGCACCTTCCGGTACGGCTACCTTGTTACGACTTCGTCCCAATCGCCGATCCCACCTTCGACGGCTCCCTCCACAAGGGTTAGGCCACCGGCTTCGGGTGTTACCGACTTTCATGACGTGACGGGCGGTGTGTACAAGGCCCGGGAACGTATTCACCGCAGCGTTGCTGATCTGCGATTACTAGCGACTCCGACTTCACGGGGTCGAGTTGCAGACCCCGATCCGAACTGAGACCGGCTTTGAAAGGATTCGCTCCACCTCACGGCATCGCAGCCCTTTGTACCGGCCATTGTAGCATGTGTGAAGCCCTGGACATAAGGGGCATGATGACTTGACGTCATCCCCACCTTCCTCCGAGTTGACCCCGGCAGTCTCTCACGAGTCCCCACCATAACGTGCTGGCAACATGAGACAAGGGTTGCGCTCGTTGCGGGACTTAACCCAACATCTCACGACACGAGCTGACGACAGCCATGCACCACCTGCACACAGGCCACAAGGGAACCGACATCTCTGCCGGCGTCCTGTGCATGTCAAACCCAGGTAAGGTTCTTCGCGTTGCATCGAATTAATCCACATGCTCCGCCGCTTGTGCGGGCCCCCGTCAATTCCTTTGAGTTTTAGCCTTGCGGCCGTACTCCCCAGGCGGGGTACTTAATGCGTTAGCTACGGCACGGATCCCAAGGAAGGAAACCCACACCTAGTACCCACCGTTTACGGCGTGGACTACCAGGGTATCTAATCCTGTTCGCTCCCCACGCTTTCGCTCCTCAGCGTCAGTTACTGCCCAGAGACCCGCCTTCGCCACCGGTGTTCCTCCTGATATCTGCGCATTCCACCGCTACACCAGGAATTCCAGTCTCCCCTGCAGTACTCTAGTCTGCCCGTATCGCCCGCACGCCCACAGTTAAGCTGTGAGTTTTCACGAACAACGCGACAAACCACCTACGAGCTCTTTACGCCCAGTAATTCCGGACAACGCTCGGACCCTACGTATTACCGCGGCTGCTGGCACGTAGTTGGCCGGTCCTTCTTCTGCACATACCGTCACTTGCGCTTCGTCTGTGCTGAAAGAGGTTTACAACCCGAAGGCCGTCATCCCTCACGCGGCGTCGCTGCATCAGGCTTGCGCCCATTGTGCAATATTCCCCACTGCTGCCTCCCGTAGGAGTCTGGGCCGTATCTCAGTCCCAGTGTGGCCGGTCACCCTCTCAGGCCGGCTACCCGTCGTCGCCTTGGTAGGCCATCACCCCACCAACAAGCTGATAGGCCGCGGGCCCATCCCACACCGCAAAAGCTTTCCCCTACCAGGCCATGCGACCAGCAGGGTGTATTCGGTATTAGACCCAGTTTCCCAGGCTTATCCCAAAGTGCAGGGCAGATCACCCACGTGTTACTCACCCGTTCGCCACTCGAGTACCCCCGAAAGGGCCTTTCCGTTCGACTTGCATGTGTTAAGCACGCCGCCAGCGTTCGTCCTGAGCCAGGATCAAACTCTCCAAACAAAAA		1e-50	T1389A			aminoglycoside resistance gene|antibiotic resistant gene variant or mutant			Point mutations in the helix 44 region of the 16S rRNA rrsA gene of Mycobacterium smegmatis can confer resistance to neomycin			
2078_3269	CARD_2078_3269	Mycobacterium chelonae 16S rRNA mutation conferring resistance to kanamycin A			cds	NR_114659.1	1e-30		CTTCGTCCCAATCGCCGATCCCACCTTCGACAGCTCCCTCCAAAAGGTTAGGCCACTGGCTTCGGGTGTTACCGACTTTCATGACGTGACGGGCGGTGTGTACAAGGCCCGGGAACGTATTCACCGCAGCGTTGCTGATCTGCGATTACTAGCGACTCCGACTTCATGGGGTCGAGTTGCAGACCCCAATCCGAACTGAGACCAGCTTTAAGGGATTCGCTCCACCTTGCGGCTTCGCAGCCCTCTGTACTGGCCATTGTAGCATGTGTGAAGCCCTGGACATAAGGGGCATGATGACTTGACGTCATCCCCACCTTCCTCCGAGTTGACCCCGGCAGTCTCCTACGAGTCCCCGGCATTACCCGCTGGCAACATAGGACAAGGGTTGCGCTCGTTGCGGGACTTAACCCAACATCTCACGACACGAGCTGACGACAGCCATGCACCACCTGCACGCAGGCCACAAGGGAATACCTATCTCTAGATACGTCCTGCGCATGTCAAACCCAGGTAAGGTTCTTCGCGTTGCATCGAATTAATCCACATGCTCCGCCGCTTGTGCGGGCCCCCGTCAATTCCTTTGAGTTTTAGTCTTGCGACCGTACTCCCCAGGCGGGGTACTTAATGCGTTAGCTACGGCACGGATCCCAAGGAAGGAAACCCACACCTAGTACCCACCGTTTACGGCGTGGACTACCAGGGTATCTAATCCTGTTCGCTACCCACGCTTTCGCTCCTCAGCGTCAGTTACTGCCCAGAGACCCGCCTTCGCCACCGGTGTTCCTCCTGATATCTGCGCATTCCACCGCTACACCAGGAATTCCAGTCTCCCCTGCAGTACTCTAGTCTGCCCGTATCGCCCGCACGCCCACAGTTAAGCTGTGAGTTTTCACGAACAACGCGACAAACCACCTACGAGCTCTTTACGCCCAGTAATTCCGGACAACGCTCGGACCCTACGTATTACCGCGGCTGCTGGCACGTAGTTGGCCGGTCCTTCTTCTGTAGGTACCGTCACTTTCGCTTCGTCCCTACTGAAAGAGGTTTACAACCCGAAGGCCGTCATCCCTCACGCGGCGTCGCTGCATCAGGCTTGCGCCCATTGTGCAATATTCCCCACTGCTGCCTCCCGTAGGAGTCTGGGCCGTATCTCAGTCCCAGTGTGGCCGGTCACCCTCTCAGGCCGGCTACCCGTCGTCGCCTTGGTGGGCCATTACCCCACCAACAAGCTGATAGGCCGCGGGCTCATCCCACACCGCAAAAGCTTTGCACCACTCACCATGAAGTGTGTGGTCCTATCCGGTATTAGACCCAGTTTCCCAGGCTTATCCCAGAGTGCAGGGCAGATCACCCACGTGTTACTCACCCGTTCGCCACTCGAGTACCCCGAAGGGCCTTTCCGTTCGACTTGCATGTGTTAAGCACGCCGCCAGCGTTCGTC		1e-50	A1355G			aminoglycoside resistance gene|antibiotic resistant gene variant or mutant			Point mutations in the 16S rRNA of Mycobacterium chelonae can cause resistance to kanamycin A.			
2080_3228	CARD_2080_3228	Escherichia coli 16S rRNA mutation in the rrsH gene conferring resistance to spectinomycin			cds	U00096	1e-30		TAAGGAGGTGATCCAACCGCAGGTTCCCCTACGGTTACCTTGTTACGACTTCACCCCAGTCATGAATCACAAAGTGGTAAGCGCCCTCCCGAAGGTTAAGCTACCTACTTCTTTTGCAACCCACTCCCATGGTGTGACGGGCGGTGTGTACAAGGCCCGGGAACGTATTCACCGTGGCATTCTGATCCACGATTACTAGCGATTCCGACTTCATGGAGTCGAGTTGCAGACTCCAATCCGGACTACGACGCACTTTATGAGGTCCGCTTGCTCTCGCGAGGTCGCTTCTCTTTGTATGCGCCATTGTAGCACGTGTGTAGCCCTGGTCGTAAGGGCCATGATGACTTGACGTCATCCCCACCTTCCTCCAGTTTATCACTGGCAGTCTCCTTTGAGTTCCCGGCCGGACCGCTGGCAACAAAAGATAAGGGTTGCGCTCGTTGCGGGACTTAACCCAACATTTCACAACACGAGCTGACGACAGCCATGCAGCACCTGTCTCACAGTTCCCGAAGGCACCAATCCATCTCTGGAAAGTTCTGTGGATGTCAAGACCAGGTAAGGTTCTTCGCGTTGCATCGAATTAAACCACATGCTCCACCGCTTGTGCGGGCCCCCGTCAATTCATTTGAGTTTTAACCTTGCGGCCGTACTCCCCAGGCGGTCGACTTAACGCGTTAGCTCCGGAAGCCACGCCTCAAGGGCACAACCTCCAAGTCGACATCGTTTACGGCGTGGACTACCAGGGTATCTAATCCTGTTTGCTCCCCACGCTTTCGCACCTGAGCGTCAGTCTTCGTCCAGGGGGCCGCCTTCGCCACCGGTATTCCTCCAGATCTCTACGCATTTCACCGCTACACCTGGAATTCTACCCCCCTCTACGAGACTCAAGCTTGCCAGTATCAGATGCAGTTCCCAGGTTGAGCCCGGGGATTTCACATCTGACTTAACAAACCGCCTGCGTGCGCTTTACGCCCAGTAATTCCGATTAACGCTTGCACCCTCCGTATTACCGCGGCTGCTGGCACGGAGTTAGCCGGTGCTTCTTCTGCGGGTAACGTCAATGAGCAAAGGTATTAACTTTACTCCCTTCCTCCCCGCTGAAAGTACTTTACAACCCGAAGGCCTTCTTCATACACGCGGCATGGCTGCATCAGGCTTGCGCCCATTGTGCAATATTCCCCACTGCTGCCTCCCGTAGGAGTCTGGACCGTGTCTCAGTTCCAGTGTGGCTGGTCATCCTCTCAGACCAGCTAGGGATCGTCGCCTAGGTGAGCCGTTACCCCACCTACTAGCTAATCCCATCTGGGCACATCCGATGGCAAGAGGCCCGAAGGTCCCCCTCTTTGGTCTTGCGACGTTATGCGGTATTAGCTACCGTTTCCAGTAGTTATCCCCCTCCATCAGGCAGTTTCCCAGACATTACTCACCCGTCCGCCACTCGTCAGCAAAGAAGCAAGCTTCTTCCTGTTACCGTTCGACTTGCATGTGTTAGGCCTGCCGCCAGCGTTCAATCTGAGCCATGATCAAACTCTTCAATTT		1e-50	C1192T			aminoglycoside resistance gene|antibiotic resistant gene variant or mutant			Point mutations in the 3' major domain of the rrsH 16S rRNA gene of Escherichia coli can confer resistance to spectinomycin			
2084_3254	CARD_2084_3254	Mycobacterium abscessus 16S rRNA mutation conferring resistance to amikacin			cds	CU458896.1	1e-30		AGGTGATCCAGCCGCACCTTCCGGTACGGCTACCTTGTTACGACTTCGTCCCAATCGCCGATCCCACCTTCGACAGCTCCCTCCAAAAGGTTAGGCCACTGGCTTCGGGTGTTACCGACTTTCATGACGTGACGGGCGGTGTGTACAAGGCCCGGGAACGTATTCACCGCAGCGTTGCTGATCTGCGATTACTAGCGACTCCGACTTCATGGGGTCGAGTTGCAGACCCCAATCCGAACTGAGACCAGCTTTAAGGGATTCGCTCCACCTTACGGCTTCGCAGCCCTCTGTACTGGCCATTGTAGCATGTGTGAAGCCCTGGACATAAGGGGCATGATGACTTGACGTCATCCCCACCTTCCTCCGAGTTGACCCCGGCAGTCTCCTACGAGTCCCCGGCATTACCCGCTGGCAACATAGGACAAGGGTTGCGCTCGTTGCGGGACTTAACCCAACATCTCACGACACGAGCTGACGACAGCCATGCACCACCTGCACACAGGCCACAAGGGAATACCTATCTCTAGGTACGTCCTGTGCATGTCAAACCCAGGTAAGGTTCTTCGCGTTGCATCGAATTAATCCACATGCTCCGCCGCTTGTGCGGGCCCCCGTCAATTCCTTTGAGTTTTAGTCTTGCGACCGTACTCCCCAGGCGGGGTACTTAATGCGTTAGCTACGGCACGGATCCCAAGGAAGGAAACCCACACCTAGTACCCACCGTTTACGGCGTGGACTACCAGGGTATCTAATCCTGTTCGCTACCCACGCTTTCGCTCCTCAGCGTCAGTTACTGCCCAGAGACCCGCCTTCGCCACCGGTGTTCCTCCTGATATCTGCGCATTCCACCGCTACACCAGGAATTCCAGTCTCCCCTGCAGTACTCTAGTCTGCCCGTATCGCCCGCACGCCCACAGTTAAGCTGTGAGTTTTCACGAACAACGCGACAAACCACCTACGAGCTCTTTACGCCCAGTAATTCCGGACAACGCTCGGACCCTACGTATTACCGCGGCTGCTGGCACGTAGTTGGCCGGTCCTTCTTCTGTAGGTACCGTCACTTTCGCTTCGTCCCTACTGAAAGAGGTTTACAACCCGAAGGCCGTCATCCCTCACGCGGCGTCGCTGCATCAGGCTTGCGCCCATTGTGCAATATTCCCCACTGCTGCCTCCCGTAGGAGTCTGGGCCGTATCTCAGTCCCAGTGTGGCCGGTCACCCTCTCAGGCCGGCTACCCGTCGTCGCCTTGGTGGGCCATTACCCCACCAACAAGCTGATAGGCCGCGGGCTCATCCCACACCGCAAAAGCTTTGCACCACTCACCATGAAGTGTGTGGTCCTATCCGGTATTAGACCCAGTTTCCCAGGCTTATCCCAGAGTGCAGGGCAGATCACCCACGTGTTACTCACCCGTTCGCCACTCGAGTACCCCGAAGGGCCTTTCCGTTCGACTTGCATGTGTTAAGCACGCCGCCAGCGTTCGTCCTGAGCCAGGATCAAACTCT		1e-50	G1458T,T1373A,C1376T,A1375G			aminoglycoside resistance gene|antibiotic resistant gene variant or mutant			Point mutations in the 16S rRNA of Mycobacterium abscessus conferring resistance to amikacin			
2085_3239	CARD_2085_3239	Escherichia coli 16S rRNA mutation in the rrnB gene conferring resistance to spectinomycin			cds	U00096	1e-30		TAAGGAGGTGATCCAACCGCAGGTTCCCCTACGGTTACCTTGTTACGACTTCACCCCAGTCATGAATCACAAAGTGGTAAGCGCCCTCCCGAAGGTTAAGCTACCTACTTCTTTTGCAACCCACTCCCATGGTGTGACGGGCGGTGTGTACAAGGCCCGGGAACGTATTCACCGTGGCATTCTGATCCACGATTACTAGCGATTCCGACTTCATGGAGTCGAGTTGCAGACTCCAATCCGGACTACGACGCACTTTATGAGGTCCGCTTGCTCTCGCGAGGTCGCTTCTCTTTGTATGCGCCATTGTAGCACGTGTGTAGCCCTGGTCGTAAGGGCCATGATGACTTGACGTCATCCCCACCTTCCTCCAGTTTATCACTGGCAGTCTCCTTTGAGTTCCCGGCCGGACCGCTGGCAACAAAGGATAAGGGTTGCGCTCGTTGCGGGACTTAACCCAACATTTCACAACACGAGCTGACGACAGCCATGCAGCACCTGTCTCACGGTTCCCGAAGGCACATTCTCATCTCTGAAAACTTCCGTGGATGTCAAGACCAGGTAAGGTTCTTCGCGTTGCATCGAATTAAACCACATGCTCCACCGCTTGTGCGGGCCCCCGTCAATTCATTTGAGTTTTAACCTTGCGGCCGTACTCCCCAGGCGGTCGACTTAACGCGTTAGCTCCGGAAGCCACGCCTCAAGGGCACAACCTCCAAGTCGACATCGTTTACGGCGTGGACTACCAGGGTATCTAATCCTGTTTGCTCCCCACGCTTTCGCACCTGAGCGTCAGTCTTCGTCCAGGGGGCCGCCTTCGCCACCGGTATTCCTCCAGATCTCTACGCATTTCACCGCTACACCTGGAATTCTACCCCCCTCTACGAGACTCAAGCTTGCCAGTATCAGATGCAGTTCCCAGGTTGAGCCCGGGGATTTCACATCTGACTTAACAAACCGCCTGCGTGCGCTTTACGCCCAGTAATTCCGATTAACGCTTGCACCCTCCGTATTACCGCGGCTGCTGGCACGGAGTTAGCCGGTGCTTCTTCTGCGGGTAACGTCAATGAGCAAAGGTATTAACTTTACTCCCTTCCTCCCCGCTGAAAGTACTTTACAACCCGAAGGCCTTCTTCATACACGCGGCATGGCTGCATCAGGCTTGCGCCCATTGTGCAATATTCCCCACTGCTGCCTCCCGTAGGAGTCTGGACCGTGTCTCAGTTCCAGTGTGGCTGGTCATCCTCTCAGACCAGCTAGGGATCGTCGCCTAGGTGAGCCGTTACCCCACCTACTAGCTAATCCCATCTGGGCACATCCGATGGCAAGAGGCCCGAAGGTCCCCCTCTTTGGTCTTGCGACGTTATGCGGTATTAGCTACCGTTTCCAGTAGTTATCCCCCTCCATCAGGCAGTTTCCCAGACATTACTCACCCGTCCGCCACTCGTCAGCAAAGAAGCAAGCTTCTTCCTGTTACCGTTCGACTTGCATGTGTTAGGCCTGCCGCCAGCGTTCAATCTGAGCCATGATCAAACTCTTCAATTT		1e-50	G1068A			aminoglycoside resistance gene|antibiotic resistant gene variant or mutant			Point mutations in the 3' major domain of helix 35, in the rrnB gene operon for 16S rRNA of Escherichia coli can confer resistance to spectinomycin			
2086_3236	CARD_2086_3236	Escherichia coli 16S rRNA mutation in the rrnB gene conferring resistance to tetracycline			cds	U00096	1e-30		TAAGGAGGTGATCCAACCGCAGGTTCCCCTACGGTTACCTTGTTACGACTTCACCCCAGTCATGAATCACAAAGTGGTAAGCGCCCTCCCGAAGGTTAAGCTACCTACTTCTTTTGCAACCCACTCCCATGGTGTGACGGGCGGTGTGTACAAGGCCCGGGAACGTATTCACCGTGGCATTCTGATCCACGATTACTAGCGATTCCGACTTCATGGAGTCGAGTTGCAGACTCCAATCCGGACTACGACGCACTTTATGAGGTCCGCTTGCTCTCGCGAGGTCGCTTCTCTTTGTATGCGCCATTGTAGCACGTGTGTAGCCCTGGTCGTAAGGGCCATGATGACTTGACGTCATCCCCACCTTCCTCCAGTTTATCACTGGCAGTCTCCTTTGAGTTCCCGGCCGGACCGCTGGCAACAAAGGATAAGGGTTGCGCTCGTTGCGGGACTTAACCCAACATTTCACAACACGAGCTGACGACAGCCATGCAGCACCTGTCTCACGGTTCCCGAAGGCACATTCTCATCTCTGAAAACTTCCGTGGATGTCAAGACCAGGTAAGGTTCTTCGCGTTGCATCGAATTAAACCACATGCTCCACCGCTTGTGCGGGCCCCCGTCAATTCATTTGAGTTTTAACCTTGCGGCCGTACTCCCCAGGCGGTCGACTTAACGCGTTAGCTCCGGAAGCCACGCCTCAAGGGCACAACCTCCAAGTCGACATCGTTTACGGCGTGGACTACCAGGGTATCTAATCCTGTTTGCTCCCCACGCTTTCGCACCTGAGCGTCAGTCTTCGTCCAGGGGGCCGCCTTCGCCACCGGTATTCCTCCAGATCTCTACGCATTTCACCGCTACACCTGGAATTCTACCCCCCTCTACGAGACTCAAGCTTGCCAGTATCAGATGCAGTTCCCAGGTTGAGCCCGGGGATTTCACATCTGACTTAACAAACCGCCTGCGTGCGCTTTACGCCCAGTAATTCCGATTAACGCTTGCACCCTCCGTATTACCGCGGCTGCTGGCACGGAGTTAGCCGGTGCTTCTTCTGCGGGTAACGTCAATGAGCAAAGGTATTAACTTTACTCCCTTCCTCCCCGCTGAAAGTACTTTACAACCCGAAGGCCTTCTTCATACACGCGGCATGGCTGCATCAGGCTTGCGCCCATTGTGCAATATTCCCCACTGCTGCCTCCCGTAGGAGTCTGGACCGTGTCTCAGTTCCAGTGTGGCTGGTCATCCTCTCAGACCAGCTAGGGATCGTCGCCTAGGTGAGCCGTTACCCCACCTACTAGCTAATCCCATCTGGGCACATCCGATGGCAAGAGGCCCGAAGGTCCCCCTCTTTGGTCTTGCGACGTTATGCGGTATTAGCTACCGTTTCCAGTAGTTATCCCCCTCCATCAGGCAGTTTCCCAGACATTACTCACCCGTCCGCCACTCGTCAGCAAAGAAGCAAGCTTCTTCCTGTTACCGTTCGACTTGCATGTGTTAGGCCTGCCGCCAGCGTTCAATCTGAGCCATGATCAAACTCTTCAATTT		1e-50	A964G,C1054T,A1055G,G1053A			antibiotic resistant gene variant or mutant|tetracycline resistance gene			Point mutations in the 3' major domain of the rrnB 16S rRNA gene of Escherichia coli can confer resistance to tetracycline			
2088_3250	CARD_2088_3250	Mycobacterium smegmatis 16S rRNA mutation in the rrsB gene conferring resistance to streptomycin			cds	NC_008596.1	1e-30		AGAAAGGAGGTGATCCAGCCGCACCTTCCGGTACGGCTACCTTGTTACGACTTCGTCCCAATCGCCGATCCCACCTTCGACGGCTCCCTCCACAAGGGTTAGGCCACCGGCTTCGGGTGTTACCGACTTTCATGACGTGACGGGCGGTGTGTACAAGGCCCGGGAACGTATTCACCGCAGCGTTGCTGATCTGCGATTACTAGCGACTCCGACTTCACGGGGTCGAGTTGCAGACCCCGATCCGAACTGAGACCGGCTTTGAAAGGATTCGCTCCACCTCACGGCATCGCAGCCCTTTGTACCGGCCATTGTAGCATGTGTGAAGCCCTGGACATAAGGGGCATGATGACTTGACGTCATCCCCACCTTCCTCCGAGTTGACCCCGGCAGTCTCTCACGAGTCCCCACCATAACGTGCTGGCAACATGAGACAAGGGTTGCGCTCGTTGCGGGACTTAACCCAACATCTCACGACACGAGCTGACGACAGCCATGCACCACCTGCACACAGGCCACAAGGGAACCGACATCTCTGCCGGCGTCCTGTGCATGTCAAACCCAGGTAAGGTTCTTCGCGTTGCATCGAATTAATCCACATGCTCCGCCGCTTGTGCGGGCCCCCGTCAATTCCTTTGAGTTTTAGCCTTGCGGCCGTACTCCCCAGGCGGGGTACTTAATGCGTTAGCTACGGCACGGATCCCAAGGAAGGAAACCCACACCTAGTACCCACCGTTTACGGCGTGGACTACCAGGGTATCTAATCCTGTTCGCTCCCCACGCTTTCGCTCCTCAGCGTCAGTTACTGCCCAGAGACCCGCCTTCGCCACCGGTGTTCCTCCTGATATCTGCGCATTCCACCGCTACACCAGGAATTCCAGTCTCCCCTGCAGTACTCTAGTCTGCCCGTATCGCCCGCACGCCCACAGTTAAGCTGTGAGTTTTCACGAACAACGCGACAAACCACCTACGAGCTCTTTACGCCCAGTAATTCCGGACAACGCTCGGACCCTACGTATTACCGCGGCTGCTGGCACGTAGTTGGCCGGTCCTTCTTCTGCACATACCGTCACTTGCGCTTCGTCTGTGCTGAAAGAGGTTTACAACCCGAAGGCCGTCATCCCTCACGCGGCGTCGCTGCATCAGGCTTGCGCCCATTGTGCAATATTCCCCACTGCTGCCTCCCGTAGGAGTCTGGGCCGTATCTCAGTCCCAGTGTGGCCGGTCACCCTCTCAGGCCGGCTACCCGTCGTCGCCTTGGTAGGCCATCACCCCACCAACAAGCTGATAGGCCGCGGGCCCATCCCACACCGCAAAAGCTTTCCCCTACCAGGCCATGCGACCAGCAGGGTGTATTCGGTATTAGACCCAGTTTCCCAGGCTTATCCCAAAGTGCAGGGCAGATCACCCACGTGTTACTCACCCGTTCGCCACTCGAGTACCCCCGAAAGGGCCTTTCCGTTCGACTTGCATGTGTTAAGCACGCCGCCAGCGTTCGTCCTGAGCCAGGATCAAACTCTCCAAACAAAAA		1e-50	C502T,A503C,C506T,G504C			aminoglycoside resistance gene|antibiotic resistant gene variant or mutant			Point mutations in the helix 44 region of the 16S rRNA rrsB gene of Mycobacterium smegmatis can confer resistance to streptomycin			
2090_3257	CARD_2090_3257	Mycobacterium abscessus 16S rRNA mutation conferring resistance to kanamycin			cds	CU458896.1	1e-30		AGGTGATCCAGCCGCACCTTCCGGTACGGCTACCTTGTTACGACTTCGTCCCAATCGCCGATCCCACCTTCGACAGCTCCCTCCAAAAGGTTAGGCCACTGGCTTCGGGTGTTACCGACTTTCATGACGTGACGGGCGGTGTGTACAAGGCCCGGGAACGTATTCACCGCAGCGTTGCTGATCTGCGATTACTAGCGACTCCGACTTCATGGGGTCGAGTTGCAGACCCCAATCCGAACTGAGACCAGCTTTAAGGGATTCGCTCCACCTTACGGCTTCGCAGCCCTCTGTACTGGCCATTGTAGCATGTGTGAAGCCCTGGACATAAGGGGCATGATGACTTGACGTCATCCCCACCTTCCTCCGAGTTGACCCCGGCAGTCTCCTACGAGTCCCCGGCATTACCCGCTGGCAACATAGGACAAGGGTTGCGCTCGTTGCGGGACTTAACCCAACATCTCACGACACGAGCTGACGACAGCCATGCACCACCTGCACACAGGCCACAAGGGAATACCTATCTCTAGGTACGTCCTGTGCATGTCAAACCCAGGTAAGGTTCTTCGCGTTGCATCGAATTAATCCACATGCTCCGCCGCTTGTGCGGGCCCCCGTCAATTCCTTTGAGTTTTAGTCTTGCGACCGTACTCCCCAGGCGGGGTACTTAATGCGTTAGCTACGGCACGGATCCCAAGGAAGGAAACCCACACCTAGTACCCACCGTTTACGGCGTGGACTACCAGGGTATCTAATCCTGTTCGCTACCCACGCTTTCGCTCCTCAGCGTCAGTTACTGCCCAGAGACCCGCCTTCGCCACCGGTGTTCCTCCTGATATCTGCGCATTCCACCGCTACACCAGGAATTCCAGTCTCCCCTGCAGTACTCTAGTCTGCCCGTATCGCCCGCACGCCCACAGTTAAGCTGTGAGTTTTCACGAACAACGCGACAAACCACCTACGAGCTCTTTACGCCCAGTAATTCCGGACAACGCTCGGACCCTACGTATTACCGCGGCTGCTGGCACGTAGTTGGCCGGTCCTTCTTCTGTAGGTACCGTCACTTTCGCTTCGTCCCTACTGAAAGAGGTTTACAACCCGAAGGCCGTCATCCCTCACGCGGCGTCGCTGCATCAGGCTTGCGCCCATTGTGCAATATTCCCCACTGCTGCCTCCCGTAGGAGTCTGGGCCGTATCTCAGTCCCAGTGTGGCCGGTCACCCTCTCAGGCCGGCTACCCGTCGTCGCCTTGGTGGGCCATTACCCCACCAACAAGCTGATAGGCCGCGGGCTCATCCCACACCGCAAAAGCTTTGCACCACTCACCATGAAGTGTGTGGTCCTATCCGGTATTAGACCCAGTTTCCCAGGCTTATCCCAGAGTGCAGGGCAGATCACCCACGTGTTACTCACCCGTTCGCCACTCGAGTACCCCGAAGGGCCTTTCCGTTCGACTTGCATGTGTTAAGCACGCCGCCAGCGTTCGTCCTGAGCCAGGATCAAACTCT		1e-50	T1373A,G1458T,C1376T,A1375G			aminoglycoside resistance gene|antibiotic resistant gene variant or mutant			Point mutations in the 16S rRNA of Mycobacterium abscessus conferring resistance to kanamycin			
2091_3273	CARD_2091_3273	Mycobacterium chelonae 16S rRNA mutation conferring resistance to gentamicin C			cds	NR_114659.1	1e-30		CTTCGTCCCAATCGCCGATCCCACCTTCGACAGCTCCCTCCAAAAGGTTAGGCCACTGGCTTCGGGTGTTACCGACTTTCATGACGTGACGGGCGGTGTGTACAAGGCCCGGGAACGTATTCACCGCAGCGTTGCTGATCTGCGATTACTAGCGACTCCGACTTCATGGGGTCGAGTTGCAGACCCCAATCCGAACTGAGACCAGCTTTAAGGGATTCGCTCCACCTTGCGGCTTCGCAGCCCTCTGTACTGGCCATTGTAGCATGTGTGAAGCCCTGGACATAAGGGGCATGATGACTTGACGTCATCCCCACCTTCCTCCGAGTTGACCCCGGCAGTCTCCTACGAGTCCCCGGCATTACCCGCTGGCAACATAGGACAAGGGTTGCGCTCGTTGCGGGACTTAACCCAACATCTCACGACACGAGCTGACGACAGCCATGCACCACCTGCACGCAGGCCACAAGGGAATACCTATCTCTAGATACGTCCTGCGCATGTCAAACCCAGGTAAGGTTCTTCGCGTTGCATCGAATTAATCCACATGCTCCGCCGCTTGTGCGGGCCCCCGTCAATTCCTTTGAGTTTTAGTCTTGCGACCGTACTCCCCAGGCGGGGTACTTAATGCGTTAGCTACGGCACGGATCCCAAGGAAGGAAACCCACACCTAGTACCCACCGTTTACGGCGTGGACTACCAGGGTATCTAATCCTGTTCGCTACCCACGCTTTCGCTCCTCAGCGTCAGTTACTGCCCAGAGACCCGCCTTCGCCACCGGTGTTCCTCCTGATATCTGCGCATTCCACCGCTACACCAGGAATTCCAGTCTCCCCTGCAGTACTCTAGTCTGCCCGTATCGCCCGCACGCCCACAGTTAAGCTGTGAGTTTTCACGAACAACGCGACAAACCACCTACGAGCTCTTTACGCCCAGTAATTCCGGACAACGCTCGGACCCTACGTATTACCGCGGCTGCTGGCACGTAGTTGGCCGGTCCTTCTTCTGTAGGTACCGTCACTTTCGCTTCGTCCCTACTGAAAGAGGTTTACAACCCGAAGGCCGTCATCCCTCACGCGGCGTCGCTGCATCAGGCTTGCGCCCATTGTGCAATATTCCCCACTGCTGCCTCCCGTAGGAGTCTGGGCCGTATCTCAGTCCCAGTGTGGCCGGTCACCCTCTCAGGCCGGCTACCCGTCGTCGCCTTGGTGGGCCATTACCCCACCAACAAGCTGATAGGCCGCGGGCTCATCCCACACCGCAAAAGCTTTGCACCACTCACCATGAAGTGTGTGGTCCTATCCGGTATTAGACCCAGTTTCCCAGGCTTATCCCAGAGTGCAGGGCAGATCACCCACGTGTTACTCACCCGTTCGCCACTCGAGTACCCCGAAGGGCCTTTCCGTTCGACTTGCATGTGTTAAGCACGCCGCCAGCGTTCGTC		1e-50	A1355G			aminoglycoside resistance gene|antibiotic resistant gene variant or mutant			Point mutations in the 16S rRNA of Mycobacterium chelonae can confer resistance to gentamicin C			
2093_3780	CARD_2093_3780	Chlamydophila psittaci 16S rRNA mutation conferring resistance to spectinomycin			cds	AB001778.1	1e-30		CTTGTTACGACTTCATCCCAGTCATCAGCCTCACCTTGGGCGCCTCTCTCCTTTGCAGGTTGAGTCAACGACTTAAGGCAAAACCAACTCCCATGATGTGACGGGCGGTGTGTACAAGGCCCGGGAACGTATTCACGGCGTTATAGCTGACACGCCATTACTAGCAATTCCGACTTCATGTAGTCGAGTTGCAGACTACAATCCGAACTGGGGCCAGCTTTGAGGATTTGCTCCATCTCACGATATTGCTACCTTCTGTACTGGCCATTGTAGCACGTGTGTAGCCCTGGGCATAAGGGCCATGCTGACTTGACGTCATCCTCGCCTTCCTCCTGGTTAACCCAGGCAGTCTCGTTAGAGTTCCCACCCTAAGTGTTGGCAACTAACGATAAGGGTTGCGCTCGTTGCGGGACTTAACCCAACACCTCACGGCACGAGCTGACGACAGCCATGCAGCACCTGTGTATCTGTCCTTGCGGAAAACGACATTTCTGCCGCGGTCAAATACATGTCAAGCCCAGGTAAGGTTCTTCGCGTTGCATCGAATTAAACCACATGCTCCACTGCTTGTGCGGGCCCCCGTCAATTCTTTTGAGTTTCACCCTTGCGAGTGTACTCCTCAGGCGGCATACTTAACGCGTTAGCTACGACACGGATAGGGTTGAGACTATCCACATCAAGTATGCATCGTTTACGGCAAGGACTACCAGGGTATCTAATCCTGTTTGCTCCCCTTGCTTTCGCGCCTTAGCGTCAGGTGTAAATTAGAAAAGCGCCTTCGCCACTGGTGTTCTTCCACATATCTACGCATTTCACCGCTACACGTGGAATTCCCTTTTCTCCATCTACCCTCTAGAAAGATAGTATTAGATGCTGGCTTGGGGTTGAGCCCCAAGATTTAACATCTAACTTTCCTTTCCGCCTACACGCCCTTTACGCCCAATAAATCCGATTAACGCTAGCACCCTCCGTATTACCGCAGCTGCTGGCACGGAGTTAGCCGGTGCTTCTTTACCTGGTACGCTCAAATCGATTGGATATTAGCCAATCTCTCTTATTCCCAAGCGAAAGTGCTTTACAACCCTAGAGCCTTCATCACACACGCGGCGTCGCTTCGTCAGACTTTCGTCCATTGCGAAAGATTCTCGACTGCAGCCTTCCGTAGAAGTCTGGGCAGTGTCTCAGTCCCAGTGTTGGCGGTCAATCTCTCAATCCGCCTAGACGTCAAAGCCTTGGTAGGCCATTACCCCACCAACAAGCTGATATCCCATAGACTCTCCCTCAACCGAAAGGTCCGAAGATCCCCTTCTTTAATATGTTTTAGATGCCTAAACATACCACATTCGGTATTAGCGGTCGTTTCCAACCGTTATTCCCAAGTTGAGGACAGATTATCTATGTATTACTAACCCTTCCGCCACTAAATAACAACCGAAGTCATTATTCCGTTCGACTTGCATGCCTCATCCACGCCGCCAGCGTTCAATCTGAACCAAGATCAAATTCT		1e-50	C1193T,G1194C,A1192G,C1193G			aminoglycoside resistance gene|antibiotic resistant gene variant or mutant			Point mutation in the 16S rRNA helix 34 region of Chlamydophila psittaci can confer resistance against spectinomycin			
2096_3229	CARD_2096_3229	Escherichia coli 16S rRNA mutation in the rrsC gene conferring resistance to kasugamicin			cds	U00096	1e-30		TAAGGAGGTGATCCAACCGCAGGTTCCCCTACGGTTACCTTGTTACGACTTCACCCCAGTCATGAATCACAAAGTGGTAAGCGCCCTCCCGAAGGTTAAGCTACCTACTTCTTTTGCAACCCACTCCCATGGTGTGACGGGCGGTGTGTACAAGGCCCGGGAACGTATTCACCGTGGCATTCTGATCCACGATTACTAGCGATTCCGACTTCATGGAGTCGAGTTGCAGACTCCAATCCGGACTACGACGCACTTTATGAGGTCCGCTTGCTCTCGCGAGGTCGCTTCTCTTTGTATGCGCCATTGTAGCACGTGTGTAGCCCTGGTCGTAAGGGCCATGATGACTTGACGTCATCCCCACCTTCCTCCAGTTTATCACTGGCAGTCTCCTTTGAGTTCCCGGCCGGACCGCTGGCAACAAAGGATAAGGGTTGCGCTCGTTGCGGGACTTAACCCAACATTTCACAACACGAGCTGACGACAGCCATGCAGCACCTGTCTCACGGTTCCCGAAGGCACATTCTCATCTCTGAAAACTTCCGTGGATGTCAAGACCAGGTAAGGTTCTTCGCGTTGCATCGAATTAAACCACATGCTCCACCGCTTGTGCGGGCCCCCGTCAATTCATTTGAGTTTTAACCTTGCGGCCGTACTCCCCAGGCGGTCGACTTAACGCGTTAGCTCCGGAAGCCACGCCTCAAGGGCACAACCTCCAAGTCGACATCGTTTACGGCGTGGACTACCAGGGTATCTAATCCTGTTTGCTCCCCACGCTTTCGCACCTGAGCGTCAGTCTTCGTCCAGGGGGCCGCCTTCGCCACCGGTATTCCTCCAGATCTCTACGCATTTCACCGCTACACCTGGAATTCTACCCCCCTCTACGAGACTCAAGCTTGCCAGTATCAGATGCAGTTCCCAGGTTGAGCCCGGGGATTTCACATCTGACTTAACAAACCGCCTGCGTGCGCTTTACGCCCAGTAATTCCGATTAACGCTTGCACCCTCCGTATTACCGCGGCTGCTGGCACGGAGTTAGCCGGTGCTTCTTCTGCGGGTAACGTCAATGAGCAAAGGTATTAACTTTACTCCCTTCCTCCCCGCTGAAAGTACTTTACAACCCGAAGGCCTTCTTCATACACGCGGCATGGCTGCATCAGGCTTGCGCCCATTGTGCAATATTCCCCACTGCTGCCTCCCGTAGGAGTCTGGACCGTGTCTCAGTTCCAGTGTGGCTGGTCATCCTCTCAGACCAGCTAGGGATCGTCGCCTAGGTGAGCCGTTACCCCACCTACTAGCTAATCCCATCTGGGCACATCTGATGGCAAGAGGCCCGAAGGTCCCCCTCTTTGGTCTTGCGACGTTATGCGGTATTAGCTACCGTTTCCAGTAGTTATCCCCCTCCATCAGGCAGTTTCCCAGACATTACTCACCCGTCCGCCACTCGTCAGCGAAACAGCAAGCTGTTTCCTGTTACCGTTCGACTTGCATGTGTTAGGCCTGCCGCCAGCGTTCAATCTGAGCCATGATCAAACTCTTCAATTT		1e-50	G926C,A1519C,A794T,A1519T,A794G,A1519G,G926T,G926A			aminoglycoside resistance gene|antibiotic resistant gene variant or mutant			Point mutations in the 3' minor, 3' major, and central domains in the rrsC 16S rRNA gene of Escherichia coli can confer resistance to kasugamicin			
2097_3238	CARD_2097_3238	Escherichia coli 16S rRNA mutation in the rrsB gene conferring resistance to paromomycin			cds	U00096	1e-30		TAAGGAGGTGATCCAACCGCAGGTTCCCCTACGGTTACCTTGTTACGACTTCACCCCAGTCATGAATCACAAAGTGGTAAGCGCCCTCCCGAAGGTTAAGCTACCTACTTCTTTTGCAACCCACTCCCATGGTGTGACGGGCGGTGTGTACAAGGCCCGGGAACGTATTCACCGTGGCATTCTGATCCACGATTACTAGCGATTCCGACTTCATGGAGTCGAGTTGCAGACTCCAATCCGGACTACGACGCACTTTATGAGGTCCGCTTGCTCTCGCGAGGTCGCTTCTCTTTGTATGCGCCATTGTAGCACGTGTGTAGCCCTGGTCGTAAGGGCCATGATGACTTGACGTCATCCCCACCTTCCTCCAGTTTATCACTGGCAGTCTCCTTTGAGTTCCCGGCCGGACCGCTGGCAACAAAGGATAAGGGTTGCGCTCGTTGCGGGACTTAACCCAACATTTCACAACACGAGCTGACGACAGCCATGCAGCACCTGTCTCACGGTTCCCGAAGGCACATTCTCATCTCTGAAAACTTCCGTGGATGTCAAGACCAGGTAAGGTTCTTCGCGTTGCATCGAATTAAACCACATGCTCCACCGCTTGTGCGGGCCCCCGTCAATTCATTTGAGTTTTAACCTTGCGGCCGTACTCCCCAGGCGGTCGACTTAACGCGTTAGCTCCGGAAGCCACGCCTCAAGGGCACAACCTCCAAGTCGACATCGTTTACGGCGTGGACTACCAGGGTATCTAATCCTGTTTGCTCCCCACGCTTTCGCACCTGAGCGTCAGTCTTCGTCCAGGGGGCCGCCTTCGCCACCGGTATTCCTCCAGATCTCTACGCATTTCACCGCTACACCTGGAATTCTACCCCCCTCTACGAGACTCAAGCTTGCCAGTATCAGATGCAGTTCCCAGGTTGAGCCCGGGGATTTCACATCTGACTTAACAAACCGCCTGCGTGCGCTTTACGCCCAGTAATTCCGATTAACGCTTGCACCCTCCGTATTACCGCGGCTGCTGGCACGGAGTTAGCCGGTGCTTCTTCTGCGGGTAACGTCAATGAGCAAAGGTATTAACTTTACTCCCTTCCTCCCCGCTGAAAGTACTTTACAACCCGAAGGCCTTCTTCATACACGCGGCATGGCTGCATCAGGCTTGCGCCCATTGTGCAATATTCCCCACTGCTGCCTCCCGTAGGAGTCTGGACCGTGTCTCAGTTCCAGTGTGGCTGGTCATCCTCTCAGACCAGCTAGGGATCGTCGCCTAGGTGAGCCGTTACCCCACCTACTAGCTAATCCCATCTGGGCACATCCGATGGCAAGAGGCCCGAAGGTCCCCCTCTTTGGTCTTGCGACGTTATGCGGTATTAGCTACCGTTTCCAGTAGTTATCCCCCTCCATCAGGCAGTTTCCCAGACATTACTCACCCGTCCGCCACTCGTCAGCAAAGAAGCAAGCTTCTTCCTGTTACCGTTCGACTTGCATGTGTTAGGCCTGCCGCCAGCGTTCAATCTGAGCCATGATCAAACTCTTCAATTT		1e-50	A1408G			aminoglycoside resistance gene|antibiotic resistant gene variant or mutant			Point mutations in the 3' minor domain of helix 44, in the rrsB 16S rRNA gene of Escherichia coli can confer resistance to paromomycin			
2098_3248	CARD_2098_3248	Mycobacterium smegmatis 16S rRNA mutation in the rrsB gene conferring resistance to viomycin			cds	NC_008596.1	1e-30		AGAAAGGAGGTGATCCAGCCGCACCTTCCGGTACGGCTACCTTGTTACGACTTCGTCCCAATCGCCGATCCCACCTTCGACGGCTCCCTCCACAAGGGTTAGGCCACCGGCTTCGGGTGTTACCGACTTTCATGACGTGACGGGCGGTGTGTACAAGGCCCGGGAACGTATTCACCGCAGCGTTGCTGATCTGCGATTACTAGCGACTCCGACTTCACGGGGTCGAGTTGCAGACCCCGATCCGAACTGAGACCGGCTTTGAAAGGATTCGCTCCACCTCACGGCATCGCAGCCCTTTGTACCGGCCATTGTAGCATGTGTGAAGCCCTGGACATAAGGGGCATGATGACTTGACGTCATCCCCACCTTCCTCCGAGTTGACCCCGGCAGTCTCTCACGAGTCCCCACCATAACGTGCTGGCAACATGAGACAAGGGTTGCGCTCGTTGCGGGACTTAACCCAACATCTCACGACACGAGCTGACGACAGCCATGCACCACCTGCACACAGGCCACAAGGGAACCGACATCTCTGCCGGCGTCCTGTGCATGTCAAACCCAGGTAAGGTTCTTCGCGTTGCATCGAATTAATCCACATGCTCCGCCGCTTGTGCGGGCCCCCGTCAATTCCTTTGAGTTTTAGCCTTGCGGCCGTACTCCCCAGGCGGGGTACTTAATGCGTTAGCTACGGCACGGATCCCAAGGAAGGAAACCCACACCTAGTACCCACCGTTTACGGCGTGGACTACCAGGGTATCTAATCCTGTTCGCTCCCCACGCTTTCGCTCCTCAGCGTCAGTTACTGCCCAGAGACCCGCCTTCGCCACCGGTGTTCCTCCTGATATCTGCGCATTCCACCGCTACACCAGGAATTCCAGTCTCCCCTGCAGTACTCTAGTCTGCCCGTATCGCCCGCACGCCCACAGTTAAGCTGTGAGTTTTCACGAACAACGCGACAAACCACCTACGAGCTCTTTACGCCCAGTAATTCCGGACAACGCTCGGACCCTACGTATTACCGCGGCTGCTGGCACGTAGTTGGCCGGTCCTTCTTCTGCACATACCGTCACTTGCGCTTCGTCTGTGCTGAAAGAGGTTTACAACCCGAAGGCCGTCATCCCTCACGCGGCGTCGCTGCATCAGGCTTGCGCCCATTGTGCAATATTCCCCACTGCTGCCTCCCGTAGGAGTCTGGGCCGTATCTCAGTCCCAGTGTGGCCGGTCACCCTCTCAGGCCGGCTACCCGTCGTCGCCTTGGTAGGCCATCACCCCACCAACAAGCTGATAGGCCGCGGGCCCATCCCACACCGCAAAAGCTTTCCCCTACCAGGCCATGCGACCAGCAGGGTGTATTCGGTATTAGACCCAGTTTCCCAGGCTTATCCCAAAGTGCAGGGCAGATCACCCACGTGTTACTCACCCGTTCGCCACTCGAGTACCCCCGAAAGGGCCTTTCCGTTCGACTTGCATGTGTTAAGCACGCCGCCAGCGTTCGTCCTGAGCCAGGATCAAACTCTCCAAACAAAAA		1e-50	G1475A,G1475T			antibiotic resistant gene variant or mutant|peptide antibiotic resistance gene			Point mutations in the helix 44 region of the 16S rRNA rrsB gene of Mycobacterium smegmatis can confer resistance to viomycin.			
2099_3251	CARD_2099_3251	Mycobacterium smegmatis 16S rRNA mutation in the rrsB gene conferring resistance to kanamycin A			cds	NC_008596.1	1e-30		AGAAAGGAGGTGATCCAGCCGCACCTTCCGGTACGGCTACCTTGTTACGACTTCGTCCCAATCGCCGATCCCACCTTCGACGGCTCCCTCCACAAGGGTTAGGCCACCGGCTTCGGGTGTTACCGACTTTCATGACGTGACGGGCGGTGTGTACAAGGCCCGGGAACGTATTCACCGCAGCGTTGCTGATCTGCGATTACTAGCGACTCCGACTTCACGGGGTCGAGTTGCAGACCCCGATCCGAACTGAGACCGGCTTTGAAAGGATTCGCTCCACCTCACGGCATCGCAGCCCTTTGTACCGGCCATTGTAGCATGTGTGAAGCCCTGGACATAAGGGGCATGATGACTTGACGTCATCCCCACCTTCCTCCGAGTTGACCCCGGCAGTCTCTCACGAGTCCCCACCATAACGTGCTGGCAACATGAGACAAGGGTTGCGCTCGTTGCGGGACTTAACCCAACATCTCACGACACGAGCTGACGACAGCCATGCACCACCTGCACACAGGCCACAAGGGAACCGACATCTCTGCCGGCGTCCTGTGCATGTCAAACCCAGGTAAGGTTCTTCGCGTTGCATCGAATTAATCCACATGCTCCGCCGCTTGTGCGGGCCCCCGTCAATTCCTTTGAGTTTTAGCCTTGCGGCCGTACTCCCCAGGCGGGGTACTTAATGCGTTAGCTACGGCACGGATCCCAAGGAAGGAAACCCACACCTAGTACCCACCGTTTACGGCGTGGACTACCAGGGTATCTAATCCTGTTCGCTCCCCACGCTTTCGCTCCTCAGCGTCAGTTACTGCCCAGAGACCCGCCTTCGCCACCGGTGTTCCTCCTGATATCTGCGCATTCCACCGCTACACCAGGAATTCCAGTCTCCCCTGCAGTACTCTAGTCTGCCCGTATCGCCCGCACGCCCACAGTTAAGCTGTGAGTTTTCACGAACAACGCGACAAACCACCTACGAGCTCTTTACGCCCAGTAATTCCGGACAACGCTCGGACCCTACGTATTACCGCGGCTGCTGGCACGTAGTTGGCCGGTCCTTCTTCTGCACATACCGTCACTTGCGCTTCGTCTGTGCTGAAAGAGGTTTACAACCCGAAGGCCGTCATCCCTCACGCGGCGTCGCTGCATCAGGCTTGCGCCCATTGTGCAATATTCCCCACTGCTGCCTCCCGTAGGAGTCTGGGCCGTATCTCAGTCCCAGTGTGGCCGGTCACCCTCTCAGGCCGGCTACCCGTCGTCGCCTTGGTAGGCCATCACCCCACCAACAAGCTGATAGGCCGCGGGCCCATCCCACACCGCAAAAGCTTTCCCCTACCAGGCCATGCGACCAGCAGGGTGTATTCGGTATTAGACCCAGTTTCCCAGGCTTATCCCAAAGTGCAGGGCAGATCACCCACGTGTTACTCACCCGTTCGCCACTCGAGTACCCCCGAAAGGGCCTTTCCGTTCGACTTGCATGTGTTAAGCACGCCGCCAGCGTTCGTCCTGAGCCAGGATCAAACTCTCCAAACAAAAA		1e-50	T1389A,A1391G			aminoglycoside resistance gene|antibiotic resistant gene variant or mutant			Point mutations in the helix 44 region of the 16S rRNA rrsB gene of Mycobacterium smegmatis can confer resistance to kanamycin A			
2100_3272	CARD_2100_3272	Mycobacterium chelonae 16S rRNA mutation conferring resistance to amikacin			cds	NR_114659.1	1e-30		CTTCGTCCCAATCGCCGATCCCACCTTCGACAGCTCCCTCCAAAAGGTTAGGCCACTGGCTTCGGGTGTTACCGACTTTCATGACGTGACGGGCGGTGTGTACAAGGCCCGGGAACGTATTCACCGCAGCGTTGCTGATCTGCGATTACTAGCGACTCCGACTTCATGGGGTCGAGTTGCAGACCCCAATCCGAACTGAGACCAGCTTTAAGGGATTCGCTCCACCTTGCGGCTTCGCAGCCCTCTGTACTGGCCATTGTAGCATGTGTGAAGCCCTGGACATAAGGGGCATGATGACTTGACGTCATCCCCACCTTCCTCCGAGTTGACCCCGGCAGTCTCCTACGAGTCCCCGGCATTACCCGCTGGCAACATAGGACAAGGGTTGCGCTCGTTGCGGGACTTAACCCAACATCTCACGACACGAGCTGACGACAGCCATGCACCACCTGCACGCAGGCCACAAGGGAATACCTATCTCTAGATACGTCCTGCGCATGTCAAACCCAGGTAAGGTTCTTCGCGTTGCATCGAATTAATCCACATGCTCCGCCGCTTGTGCGGGCCCCCGTCAATTCCTTTGAGTTTTAGTCTTGCGACCGTACTCCCCAGGCGGGGTACTTAATGCGTTAGCTACGGCACGGATCCCAAGGAAGGAAACCCACACCTAGTACCCACCGTTTACGGCGTGGACTACCAGGGTATCTAATCCTGTTCGCTACCCACGCTTTCGCTCCTCAGCGTCAGTTACTGCCCAGAGACCCGCCTTCGCCACCGGTGTTCCTCCTGATATCTGCGCATTCCACCGCTACACCAGGAATTCCAGTCTCCCCTGCAGTACTCTAGTCTGCCCGTATCGCCCGCACGCCCACAGTTAAGCTGTGAGTTTTCACGAACAACGCGACAAACCACCTACGAGCTCTTTACGCCCAGTAATTCCGGACAACGCTCGGACCCTACGTATTACCGCGGCTGCTGGCACGTAGTTGGCCGGTCCTTCTTCTGTAGGTACCGTCACTTTCGCTTCGTCCCTACTGAAAGAGGTTTACAACCCGAAGGCCGTCATCCCTCACGCGGCGTCGCTGCATCAGGCTTGCGCCCATTGTGCAATATTCCCCACTGCTGCCTCCCGTAGGAGTCTGGGCCGTATCTCAGTCCCAGTGTGGCCGGTCACCCTCTCAGGCCGGCTACCCGTCGTCGCCTTGGTGGGCCATTACCCCACCAACAAGCTGATAGGCCGCGGGCTCATCCCACACCGCAAAAGCTTTGCACCACTCACCATGAAGTGTGTGGTCCTATCCGGTATTAGACCCAGTTTCCCAGGCTTATCCCAGAGTGCAGGGCAGATCACCCACGTGTTACTCACCCGTTCGCCACTCGAGTACCCCGAAGGGCCTTTCCGTTCGACTTGCATGTGTTAAGCACGCCGCCAGCGTTCGTC		1e-50	A1355G			aminoglycoside resistance gene|antibiotic resistant gene variant or mutant			Point mutations in the 16S rRNA of Mycobacterium chelonae can cause resistance to amikacin.			
2102_3243	CARD_2102_3243	Mycobacterium smegmatis 16S rRNA mutation in the rrsB gene conferring resistance to hygromycin B			cds	NC_008596.1	1e-30		TTTTTGTTTGGAGAGTTTGATCCTGGCTCAGGACGAACGCTGGCGGCGTGCTTAACACATGCAAGTCGAACGGAAAGGCCCTTTCGGGGGTACTCGAGTGGCGAACGGGTGAGTAACACGTGGGTGATCTGCCCTGCACTTTGGGATAAGCCTGGGAAACTGGGTCTAATACCGAATACACCCTGCTGGTCGCATGGCCTGGTAGGGGAAAGCTTTTGCGGTGTGGGATGGGCCCGCGGCCTATCAGCTTGTTGGTGGGGTGATGGCCTACCAAGGCGACGACGGGTAGCCGGCCTGAGAGGGTGACCGGCCACACTGGGACTGAGATACGGCCCAGACTCCTACGGGAGGCAGCAGTGGGGAATATTGCACAATGGGCGCAAGCCTGATGCAGCGACGCCGCGTGAGGGATGACGGCCTTCGGGTTGTAAACCTCTTTCAGCACAGACGAAGCGCAAGTGACGGTATGTGCAGAAGAAGGACCGGCCAACTACGTGCCAGCAGCCGCGGTAATACGTAGGGTCCGAGCGTTGTCCGGAATTACTGGGCGTAAAGAGCTCGTAGGTGGTTTGTCGCGTTGTTCGTGAAAACTCACAGCTTAACTGTGGGCGTGCGGGCGATACGGGCAGACTAGAGTACTGCAGGGGAGACTGGAATTCCTGGTGTAGCGGTGGAATGCGCAGATATCAGGAGGAACACCGGTGGCGAAGGCGGGTCTCTGGGCAGTAACTGACGCTGAGGAGCGAAAGCGTGGGGAGCGAACAGGATTAGATACCCTGGTAGTCCACGCCGTAAACGGTGGGTACTAGGTGTGGGTTTCCTTCCTTGGGATCCGTGCCGTAGCTAACGCATTAAGTACCCCGCCTGGGGAGTACGGCCGCAAGGCTAAAACTCAAAGGAATTGACGGGGGCCCGCACAAGCGGCGGAGCATGTGGATTAATTCGATGCAACGCGAAGAACCTTACCTGGGTTTGACATGCACAGGACGCCGGCAGAGATGTCGGTTCCCTTGTGGCCTGTGTGCAGGTGGTGCATGGCTGTCGTCAGCTCGTGTCGTGAGATGTTGGGTTAAGTCCCGCAACGAGCGCAACCCTTGTCTCATGTTGCCAGCACGTTATGGTGGGGACTCGTGAGAGACTGCCGGGGTCAACTCGGAGGAAGGTGGGGATGACGTCAAGTCATCATGCCCCTTATGTCCAGGGCTTCACACATGCTACAATGGCCGGTACAAAGGGCTGCGATGCCGTGAGGTGGAGCGAATCCTTTCAAAGCCGGTCTCAGTTCGGATCGGGGTCTGCAACTCGACCCCGTGAAGTCGGAGTCGCTAGTAATCGCAGATCAGCAACGCTGCGGTGAATACGTTCCCGGGCCTTGTACACACCGCCCGTCACGTCATGAAAGTCGGTAACACCCGAAGCCGGTGGCCTAACCCTTGTGGAGGGAGCCGTCGAAGGTGGGATCGGCGATTGGGACGAAGTCGTAACAAGGTAGCCGTACCGGAAGGTGCGGCTGGATCACCTCCTTTCT		1e-50	T1482C,T1389C,C1480T			aminoglycoside resistance gene|antibiotic resistant gene variant or mutant			Point mutations in the highly conserved helix 44 of the 16S rrsB rRNA gene of Mycobacterium smegmatis can confer resistance to hygromycin B. Resistance against hygromycin B is the result of conformational alterations that distorts a strong hydrogen bond leading to a change in the local geometry of the hygromycin B binding site.			
2105_3255	CARD_2105_3255	Mycobacterium abscessus 16S rRNA mutation conferring resistance to neomycin			cds	CU458896.1	1e-30		AGGTGATCCAGCCGCACCTTCCGGTACGGCTACCTTGTTACGACTTCGTCCCAATCGCCGATCCCACCTTCGACAGCTCCCTCCAAAAGGTTAGGCCACTGGCTTCGGGTGTTACCGACTTTCATGACGTGACGGGCGGTGTGTACAAGGCCCGGGAACGTATTCACCGCAGCGTTGCTGATCTGCGATTACTAGCGACTCCGACTTCATGGGGTCGAGTTGCAGACCCCAATCCGAACTGAGACCAGCTTTAAGGGATTCGCTCCACCTTACGGCTTCGCAGCCCTCTGTACTGGCCATTGTAGCATGTGTGAAGCCCTGGACATAAGGGGCATGATGACTTGACGTCATCCCCACCTTCCTCCGAGTTGACCCCGGCAGTCTCCTACGAGTCCCCGGCATTACCCGCTGGCAACATAGGACAAGGGTTGCGCTCGTTGCGGGACTTAACCCAACATCTCACGACACGAGCTGACGACAGCCATGCACCACCTGCACACAGGCCACAAGGGAATACCTATCTCTAGGTACGTCCTGTGCATGTCAAACCCAGGTAAGGTTCTTCGCGTTGCATCGAATTAATCCACATGCTCCGCCGCTTGTGCGGGCCCCCGTCAATTCCTTTGAGTTTTAGTCTTGCGACCGTACTCCCCAGGCGGGGTACTTAATGCGTTAGCTACGGCACGGATCCCAAGGAAGGAAACCCACACCTAGTACCCACCGTTTACGGCGTGGACTACCAGGGTATCTAATCCTGTTCGCTACCCACGCTTTCGCTCCTCAGCGTCAGTTACTGCCCAGAGACCCGCCTTCGCCACCGGTGTTCCTCCTGATATCTGCGCATTCCACCGCTACACCAGGAATTCCAGTCTCCCCTGCAGTACTCTAGTCTGCCCGTATCGCCCGCACGCCCACAGTTAAGCTGTGAGTTTTCACGAACAACGCGACAAACCACCTACGAGCTCTTTACGCCCAGTAATTCCGGACAACGCTCGGACCCTACGTATTACCGCGGCTGCTGGCACGTAGTTGGCCGGTCCTTCTTCTGTAGGTACCGTCACTTTCGCTTCGTCCCTACTGAAAGAGGTTTACAACCCGAAGGCCGTCATCCCTCACGCGGCGTCGCTGCATCAGGCTTGCGCCCATTGTGCAATATTCCCCACTGCTGCCTCCCGTAGGAGTCTGGGCCGTATCTCAGTCCCAGTGTGGCCGGTCACCCTCTCAGGCCGGCTACCCGTCGTCGCCTTGGTGGGCCATTACCCCACCAACAAGCTGATAGGCCGCGGGCTCATCCCACACCGCAAAAGCTTTGCACCACTCACCATGAAGTGTGTGGTCCTATCCGGTATTAGACCCAGTTTCCCAGGCTTATCCCAGAGTGCAGGGCAGATCACCCACGTGTTACTCACCCGTTCGCCACTCGAGTACCCCGAAGGGCCTTTCCGTTCGACTTGCATGTGTTAAGCACGCCGCCAGCGTTCGTCCTGAGCCAGGATCAAACTCT		1e-50	A1375G			aminoglycoside resistance gene|antibiotic resistant gene variant or mutant			Point mutations in the 16S rRNA of Mycobacterium abscessus conferring resistance to neomycin			
2106_3246	CARD_2106_3246	Mycobacterium smegmatis 16S rRNA mutation in the rrsA gene conferring resistance to kanamycin A			cds	NC_008596.1	1e-30		AGAAAGGAGGTGATCCAGCCGCACCTTCCGGTACGGCTACCTTGTTACGACTTCGTCCCAATCGCCGATCCCACCTTCGACGGCTCCCTCCACAAGGGTTAGGCCACCGGCTTCGGGTGTTACCGACTTTCATGACGTGACGGGCGGTGTGTACAAGGCCCGGGAACGTATTCACCGCAGCGTTGCTGATCTGCGATTACTAGCGACTCCGACTTCACGGGGTCGAGTTGCAGACCCCGATCCGAACTGAGACCGGCTTTGAAAGGATTCGCTCCACCTCACGGCATCGCAGCCCTTTGTACCGGCCATTGTAGCATGTGTGAAGCCCTGGACATAAGGGGCATGATGACTTGACGTCATCCCCACCTTCCTCCGAGTTGACCCCGGCAGTCTCTCACGAGTCCCCACCATAACGTGCTGGCAACATGAGACAAGGGTTGCGCTCGTTGCGGGACTTAACCCAACATCTCACGACACGAGCTGACGACAGCCATGCACCACCTGCACACAGGCCACAAGGGAACCGACATCTCTGCCGGCGTCCTGTGCATGTCAAACCCAGGTAAGGTTCTTCGCGTTGCATCGAATTAATCCACATGCTCCGCCGCTTGTGCGGGCCCCCGTCAATTCCTTTGAGTTTTAGCCTTGCGGCCGTACTCCCCAGGCGGGGTACTTAATGCGTTAGCTACGGCACGGATCCCAAGGAAGGAAACCCACACCTAGTACCCACCGTTTACGGCGTGGACTACCAGGGTATCTAATCCTGTTCGCTCCCCACGCTTTCGCTCCTCAGCGTCAGTTACTGCCCAGAGACCCGCCTTCGCCACCGGTGTTCCTCCTGATATCTGCGCATTCCACCGCTACACCAGGAATTCCAGTCTCCCCTGCAGTACTCTAGTCTGCCCGTATCGCCCGCACGCCCACAGTTAAGCTGTGAGTTTTCACGAACAACGCGACAAACCACCTACGAGCTCTTTACGCCCAGTAATTCCGGACAACGCTCGGACCCTACGTATTACCGCGGCTGCTGGCACGTAGTTGGCCGGTCCTTCTTCTGCACATACCGTCACTTGCGCTTCGTCTGTGCTGAAAGAGGTTTACAACCCGAAGGCCGTCATCCCTCACGCGGCGTCGCTGCATCAGGCTTGCGCCCATTGTGCAATATTCCCCACTGCTGCCTCCCGTAGGAGTCTGGGCCGTATCTCAGTCCCAGTGTGGCCGGTCACCCTCTCAGGCCGGCTACCCGTCGTCGCCTTGGTAGGCCATCACCCCACCAACAAGCTGATAGGCCGCGGGCCCATCCCACACCGCAAAAGCTTTCCCCTACCAGGCCATGCGACCAGCAGGGTGTATTCGGTATTAGACCCAGTTTCCCAGGCTTATCCCAAAGTGCAGGGCAGATCACCCACGTGTTACTCACCCGTTCGCCACTCGAGTACCCCCGAAAGGGCCTTTCCGTTCGACTTGCATGTGTTAAGCACGCCGCCAGCGTTCGTCCTGAGCCAGGATCAAACTCTCCAAACAAAAA		1e-50	A1391G,T1389A			aminoglycoside resistance gene|antibiotic resistant gene variant or mutant			Point mutations in the helix 44 region of the 16S rRNA rrsA gene of Mycobacterium smegmastis can confer resistance to kanamycin A			
2111_3270	CARD_2111_3270	Mycobacterium chelonae 16S rRNA mutation conferring resistance to tobramycin			cds	NR_114659.1	1e-30		CTTCGTCCCAATCGCCGATCCCACCTTCGACAGCTCCCTCCAAAAGGTTAGGCCACTGGCTTCGGGTGTTACCGACTTTCATGACGTGACGGGCGGTGTGTACAAGGCCCGGGAACGTATTCACCGCAGCGTTGCTGATCTGCGATTACTAGCGACTCCGACTTCATGGGGTCGAGTTGCAGACCCCAATCCGAACTGAGACCAGCTTTAAGGGATTCGCTCCACCTTGCGGCTTCGCAGCCCTCTGTACTGGCCATTGTAGCATGTGTGAAGCCCTGGACATAAGGGGCATGATGACTTGACGTCATCCCCACCTTCCTCCGAGTTGACCCCGGCAGTCTCCTACGAGTCCCCGGCATTACCCGCTGGCAACATAGGACAAGGGTTGCGCTCGTTGCGGGACTTAACCCAACATCTCACGACACGAGCTGACGACAGCCATGCACCACCTGCACGCAGGCCACAAGGGAATACCTATCTCTAGATACGTCCTGCGCATGTCAAACCCAGGTAAGGTTCTTCGCGTTGCATCGAATTAATCCACATGCTCCGCCGCTTGTGCGGGCCCCCGTCAATTCCTTTGAGTTTTAGTCTTGCGACCGTACTCCCCAGGCGGGGTACTTAATGCGTTAGCTACGGCACGGATCCCAAGGAAGGAAACCCACACCTAGTACCCACCGTTTACGGCGTGGACTACCAGGGTATCTAATCCTGTTCGCTACCCACGCTTTCGCTCCTCAGCGTCAGTTACTGCCCAGAGACCCGCCTTCGCCACCGGTGTTCCTCCTGATATCTGCGCATTCCACCGCTACACCAGGAATTCCAGTCTCCCCTGCAGTACTCTAGTCTGCCCGTATCGCCCGCACGCCCACAGTTAAGCTGTGAGTTTTCACGAACAACGCGACAAACCACCTACGAGCTCTTTACGCCCAGTAATTCCGGACAACGCTCGGACCCTACGTATTACCGCGGCTGCTGGCACGTAGTTGGCCGGTCCTTCTTCTGTAGGTACCGTCACTTTCGCTTCGTCCCTACTGAAAGAGGTTTACAACCCGAAGGCCGTCATCCCTCACGCGGCGTCGCTGCATCAGGCTTGCGCCCATTGTGCAATATTCCCCACTGCTGCCTCCCGTAGGAGTCTGGGCCGTATCTCAGTCCCAGTGTGGCCGGTCACCCTCTCAGGCCGGCTACCCGTCGTCGCCTTGGTGGGCCATTACCCCACCAACAAGCTGATAGGCCGCGGGCTCATCCCACACCGCAAAAGCTTTGCACCACTCACCATGAAGTGTGTGGTCCTATCCGGTATTAGACCCAGTTTCCCAGGCTTATCCCAGAGTGCAGGGCAGATCACCCACGTGTTACTCACCCGTTCGCCACTCGAGTACCCCGAAGGGCCTTTCCGTTCGACTTGCATGTGTTAAGCACGCCGCCAGCGTTCGTC		1e-50	A1355G			aminoglycoside resistance gene|antibiotic resistant gene variant or mutant			Point mutations in the 16S rRNA of Mycobacterium chelonae can cause resistance to tobramycin.			
2113_3241	CARD_2113_3241	Escherichia coli 16S rRNA mutation in the rrsB gene conferring resistance to tobramycin			cds	U00096	1e-30		TAAGGAGGTGATCCAACCGCAGGTTCCCCTACGGTTACCTTGTTACGACTTCACCCCAGTCATGAATCACAAAGTGGTAAGCGCCCTCCCGAAGGTTAAGCTACCTACTTCTTTTGCAACCCACTCCCATGGTGTGACGGGCGGTGTGTACAAGGCCCGGGAACGTATTCACCGTGGCATTCTGATCCACGATTACTAGCGATTCCGACTTCATGGAGTCGAGTTGCAGACTCCAATCCGGACTACGACGCACTTTATGAGGTCCGCTTGCTCTCGCGAGGTCGCTTCTCTTTGTATGCGCCATTGTAGCACGTGTGTAGCCCTGGTCGTAAGGGCCATGATGACTTGACGTCATCCCCACCTTCCTCCAGTTTATCACTGGCAGTCTCCTTTGAGTTCCCGGCCGGACCGCTGGCAACAAAGGATAAGGGTTGCGCTCGTTGCGGGACTTAACCCAACATTTCACAACACGAGCTGACGACAGCCATGCAGCACCTGTCTCACGGTTCCCGAAGGCACATTCTCATCTCTGAAAACTTCCGTGGATGTCAAGACCAGGTAAGGTTCTTCGCGTTGCATCGAATTAAACCACATGCTCCACCGCTTGTGCGGGCCCCCGTCAATTCATTTGAGTTTTAACCTTGCGGCCGTACTCCCCAGGCGGTCGACTTAACGCGTTAGCTCCGGAAGCCACGCCTCAAGGGCACAACCTCCAAGTCGACATCGTTTACGGCGTGGACTACCAGGGTATCTAATCCTGTTTGCTCCCCACGCTTTCGCACCTGAGCGTCAGTCTTCGTCCAGGGGGCCGCCTTCGCCACCGGTATTCCTCCAGATCTCTACGCATTTCACCGCTACACCTGGAATTCTACCCCCCTCTACGAGACTCAAGCTTGCCAGTATCAGATGCAGTTCCCAGGTTGAGCCCGGGGATTTCACATCTGACTTAACAAACCGCCTGCGTGCGCTTTACGCCCAGTAATTCCGATTAACGCTTGCACCCTCCGTATTACCGCGGCTGCTGGCACGGAGTTAGCCGGTGCTTCTTCTGCGGGTAACGTCAATGAGCAAAGGTATTAACTTTACTCCCTTCCTCCCCGCTGAAAGTACTTTACAACCCGAAGGCCTTCTTCATACACGCGGCATGGCTGCATCAGGCTTGCGCCCATTGTGCAATATTCCCCACTGCTGCCTCCCGTAGGAGTCTGGACCGTGTCTCAGTTCCAGTGTGGCTGGTCATCCTCTCAGACCAGCTAGGGATCGTCGCCTAGGTGAGCCGTTACCCCACCTACTAGCTAATCCCATCTGGGCACATCCGATGGCAAGAGGCCCGAAGGTCCCCCTCTTTGGTCTTGCGACGTTATGCGGTATTAGCTACCGTTTCCAGTAGTTATCCCCCTCCATCAGGCAGTTTCCCAGACATTACTCACCCGTCCGCCACTCGTCAGCAAAGAAGCAAGCTTCTTCCTGTTACCGTTCGACTTGCATGTGTTAGGCCTGCCGCCAGCGTTCAATCTGAGCCATGATCAAACTCTTCAATTT		1e-50	T1406A			aminoglycoside resistance gene|antibiotic resistant gene variant or mutant			Point mutations in the 3' minor domain of the rrnB 16S rRNA gene of Escherichia coli can confer resistance to tobramycin			
2116_3252	CARD_2116_3252	Pasteurella multocida 16S rRNA mutation conferring resistance to spectinomycin			cds	NC_002663.1	1e-30		TTTTAGGTAAGGAGGTGATCCAACCGCAGGTTCCCCTACGGTTACCTTGTTACGACTTCACCCCAGTCATGAATCATACCGTGGTAAACGCCCTCCCGAAGGTTAAGCTATCTACTTCTGGTACAACCCACTCCCATGGTGTACGGGGCGGTGTGTACAAGGCCCGGGAACGTATTCACCGCAACATTCTGATTTGCGATTACTAGCGATTCCGACTTCATGGAGTCGAGTTGCAGACTCCAATCCGGACTTAGATGCACTTTCTGAGATTCGCTCAAGCTCGCACTCTCGCTGCCCTCTGTATGCACCATTGTAGCACGTGTGTAGCCCTACTCGTAAGGGCCATGATGACTTGACGTCATCCCCACCTTCCTCCAGTTTGTCACTGGCAGTCTCCTTTGAGTTCCCGACCGAATCGCTGGCAACAAAGGATAAGGGTTGCGCTCGTTGCGGGACTTAACCCAACATTTCACAACACGAGCTGACGACAGCCATGCAGCACCTGTCTCTAAGTTCCCGAAGGCACAAGCTCATCTCTGAGCTCTTCTTAGGATGTCAAGAGTAGGTAAGGTTCTTCGCGTTGCATCGAATTAAACCACATGCTCCACCGCTTGTGCGGGCCCCCGTCAATTCATTTGAGTTTTAACCTTGCGGCCGTACTCCCCAGGCGGTCGATTTATCACGTTAGCTTCGGGCACCAAGCATATAGCCCAATCCCCAAATCGACAGCGTTTACAGCGTGGACTACCAGGGTATCTAATCCTGTTTGCTCCCCACGCTTTCGCACATGAGCGTCAGTACATTCCCAAGGGGCTGCCTTCGCCTTCGGTATTCCTCCACATCTCTACGCATTTCACCGCTACACGTGGAATTCTACCCCTCCCTAAAGTACTCTAGACTCCCAGTCTGAAATGCAGTTCCCAAGTTAAGCTCGGGGATTTCACATCTCACTTAAAAGTCCGCCTGCGTGCCCTTTACGCCCAGTTATTCCGATTAACGCTCGCACCCTCCGTATTACCGCGGCTGCTGGCACGGAGTTAGCCGGTGCTTCTTCTGTAATTAACGTCAATGATGCTATCTATTTAACAACATCCCTTCCTCATTACCGAAAGAACTTTACAACCCGAAGGCCTTCTTCATTCACGCGGCATGGCTGCGTCAGGGTTCCCCCCATTGCGCAATATTCCCCACTGCTGCCTCCCGTAGGAGTCTGGACCGTGTCTCAGTTCCAGTGTGGCTGGTCATCCTTTCAGACCAGCTAGAGATCGCAGGCTTGGTAGGCCTTTACCCCACCAACTACCTAATCCCACTTGGGCTCATCTTATGGCAGGTGGCCCTAAGGTCCCACCCTTTCCTCCTCAGAGAATACGCGGTATTAGCTGCAGTTTCCCACAGTTATCCCCCTCCATAAGCCAGATTCCCAAGCATTACTCACCCGTCCGCCACTCGTCAGCAAAGAAAGCAAGCTTTCTTCCTGCTACCGTTCGACTTGCATGTGTTAAGCCTGCCGCCAGCGTTCAATCTGAGCCATGATCAAACTCTTCAATTCAA		1e-50	C1194G			aminoglycoside resistance gene|antibiotic resistant gene variant or mutant			Point mutations in the helix 34 region of 16S rRNA of Pasteurella multocida can confer resistance to spectinomycin			
2122_3271	CARD_2122_3271	Mycobacterium chelonae 16S rRNA mutation conferring resistance to neomycin			cds	NR_114659.1	1e-30		CTTCGTCCCAATCGCCGATCCCACCTTCGACAGCTCCCTCCAAAAGGTTAGGCCACTGGCTTCGGGTGTTACCGACTTTCATGACGTGACGGGCGGTGTGTACAAGGCCCGGGAACGTATTCACCGCAGCGTTGCTGATCTGCGATTACTAGCGACTCCGACTTCATGGGGTCGAGTTGCAGACCCCAATCCGAACTGAGACCAGCTTTAAGGGATTCGCTCCACCTTGCGGCTTCGCAGCCCTCTGTACTGGCCATTGTAGCATGTGTGAAGCCCTGGACATAAGGGGCATGATGACTTGACGTCATCCCCACCTTCCTCCGAGTTGACCCCGGCAGTCTCCTACGAGTCCCCGGCATTACCCGCTGGCAACATAGGACAAGGGTTGCGCTCGTTGCGGGACTTAACCCAACATCTCACGACACGAGCTGACGACAGCCATGCACCACCTGCACGCAGGCCACAAGGGAATACCTATCTCTAGATACGTCCTGCGCATGTCAAACCCAGGTAAGGTTCTTCGCGTTGCATCGAATTAATCCACATGCTCCGCCGCTTGTGCGGGCCCCCGTCAATTCCTTTGAGTTTTAGTCTTGCGACCGTACTCCCCAGGCGGGGTACTTAATGCGTTAGCTACGGCACGGATCCCAAGGAAGGAAACCCACACCTAGTACCCACCGTTTACGGCGTGGACTACCAGGGTATCTAATCCTGTTCGCTACCCACGCTTTCGCTCCTCAGCGTCAGTTACTGCCCAGAGACCCGCCTTCGCCACCGGTGTTCCTCCTGATATCTGCGCATTCCACCGCTACACCAGGAATTCCAGTCTCCCCTGCAGTACTCTAGTCTGCCCGTATCGCCCGCACGCCCACAGTTAAGCTGTGAGTTTTCACGAACAACGCGACAAACCACCTACGAGCTCTTTACGCCCAGTAATTCCGGACAACGCTCGGACCCTACGTATTACCGCGGCTGCTGGCACGTAGTTGGCCGGTCCTTCTTCTGTAGGTACCGTCACTTTCGCTTCGTCCCTACTGAAAGAGGTTTACAACCCGAAGGCCGTCATCCCTCACGCGGCGTCGCTGCATCAGGCTTGCGCCCATTGTGCAATATTCCCCACTGCTGCCTCCCGTAGGAGTCTGGGCCGTATCTCAGTCCCAGTGTGGCCGGTCACCCTCTCAGGCCGGCTACCCGTCGTCGCCTTGGTGGGCCATTACCCCACCAACAAGCTGATAGGCCGCGGGCTCATCCCACACCGCAAAAGCTTTGCACCACTCACCATGAAGTGTGTGGTCCTATCCGGTATTAGACCCAGTTTCCCAGGCTTATCCCAGAGTGCAGGGCAGATCACCCACGTGTTACTCACCCGTTCGCCACTCGAGTACCCCGAAGGGCCTTTCCGTTCGACTTGCATGTGTTAAGCACGCCGCCAGCGTTCGTC		1e-50	A1355G			aminoglycoside resistance gene|antibiotic resistant gene variant or mutant			Point mutations in the 16S rRNA of Mycobacterium chelonae can cause resistance to neomycin.			
2126_3253	CARD_2126_3253	Mycobacterium abscessus 16S rRNA mutation conferring resistance to tobramycin			cds	CU458896.1	1e-30		AGGTGATCCAGCCGCACCTTCCGGTACGGCTACCTTGTTACGACTTCGTCCCAATCGCCGATCCCACCTTCGACAGCTCCCTCCAAAAGGTTAGGCCACTGGCTTCGGGTGTTACCGACTTTCATGACGTGACGGGCGGTGTGTACAAGGCCCGGGAACGTATTCACCGCAGCGTTGCTGATCTGCGATTACTAGCGACTCCGACTTCATGGGGTCGAGTTGCAGACCCCAATCCGAACTGAGACCAGCTTTAAGGGATTCGCTCCACCTTACGGCTTCGCAGCCCTCTGTACTGGCCATTGTAGCATGTGTGAAGCCCTGGACATAAGGGGCATGATGACTTGACGTCATCCCCACCTTCCTCCGAGTTGACCCCGGCAGTCTCCTACGAGTCCCCGGCATTACCCGCTGGCAACATAGGACAAGGGTTGCGCTCGTTGCGGGACTTAACCCAACATCTCACGACACGAGCTGACGACAGCCATGCACCACCTGCACACAGGCCACAAGGGAATACCTATCTCTAGGTACGTCCTGTGCATGTCAAACCCAGGTAAGGTTCTTCGCGTTGCATCGAATTAATCCACATGCTCCGCCGCTTGTGCGGGCCCCCGTCAATTCCTTTGAGTTTTAGTCTTGCGACCGTACTCCCCAGGCGGGGTACTTAATGCGTTAGCTACGGCACGGATCCCAAGGAAGGAAACCCACACCTAGTACCCACCGTTTACGGCGTGGACTACCAGGGTATCTAATCCTGTTCGCTACCCACGCTTTCGCTCCTCAGCGTCAGTTACTGCCCAGAGACCCGCCTTCGCCACCGGTGTTCCTCCTGATATCTGCGCATTCCACCGCTACACCAGGAATTCCAGTCTCCCCTGCAGTACTCTAGTCTGCCCGTATCGCCCGCACGCCCACAGTTAAGCTGTGAGTTTTCACGAACAACGCGACAAACCACCTACGAGCTCTTTACGCCCAGTAATTCCGGACAACGCTCGGACCCTACGTATTACCGCGGCTGCTGGCACGTAGTTGGCCGGTCCTTCTTCTGTAGGTACCGTCACTTTCGCTTCGTCCCTACTGAAAGAGGTTTACAACCCGAAGGCCGTCATCCCTCACGCGGCGTCGCTGCATCAGGCTTGCGCCCATTGTGCAATATTCCCCACTGCTGCCTCCCGTAGGAGTCTGGGCCGTATCTCAGTCCCAGTGTGGCCGGTCACCCTCTCAGGCCGGCTACCCGTCGTCGCCTTGGTGGGCCATTACCCCACCAACAAGCTGATAGGCCGCGGGCTCATCCCACACCGCAAAAGCTTTGCACCACTCACCATGAAGTGTGTGGTCCTATCCGGTATTAGACCCAGTTTCCCAGGCTTATCCCAGAGTGCAGGGCAGATCACCCACGTGTTACTCACCCGTTCGCCACTCGAGTACCCCGAAGGGCCTTTCCGTTCGACTTGCATGTGTTAAGCACGCCGCCAGCGTTCGTCCTGAGCCAGGATCAAACTCT		1e-50	C1376T,G1458T,T1373A,A1375G			aminoglycoside resistance gene|antibiotic resistant gene variant or mutant			Point mutations in the 16S rRNA of Mycobacterium abscessus conferring resistance to tobramycin			
2127_3266	CARD_2127_3266	Borrelia burgdorferi 16S rRNA mutation conferring resistance to kanamycin			cds	NR_044732.2	1e-30		TGCTAAACATACCTTAAATACCTTCCTCCCTTACGGGTTAGAATAATAGCTTCGGGTATCCTCAACTCGGGTGGTGTGACGGGCGGTGTGTACAANGCCCGAGAACGTATTCACCGTATCATTCTGATATACGATTACTAGCGATTCCAACTTCATGAAGTCGAGTTTCAGACTTCAATCCGGACTGAGACCTGCTTTATGCGTTTTGCTTCACATCACTGTTTCGCTTCGCTTTGTACAGGCCATTGTAGCACGTGTGTAGCCCAGGACATAAGGGCCATGATGATTTGACGTCATCCTCACCTTCCTCCGACTTATCACCGGCAGTCTTATCTGAGTCCCCACCATTACATGCTGGTAACAGATAACAAGGGTTGCGCTCGTTGCGGGACTTAACCCAACACCTCACAGCACGAGCTGACGACAACCATGCAGCACCTGTATATAGACCCCAAACGGGGAATAATTATCTCTAACTATATCCTATATATGTCAAGCCCTGGTAAGGTTCCTCGCGTANNNTNNNNNNAAACCACATGCTCCACNNCTTGTGCNGGCNCNNNTNAATNCCTTTGAGTTTCNCTCTTGCGAGCATACTCCCCAGGCTGCACACTTAACACGTTAGCTTCGGTACTAACTTTTAGTTAACACCAAGTGTGCATCGTTTACAGCGTAGACTACCAGGGTATCTAATCCTGTTTGCTCCCTACGCTTTCGTGACTCAGCGTCAGTCTTGACCCAGAAGTTCGCCTTCGCCTCCGGTATTCTTTCTGATATCAACAGATTCCACCCTTACACCAGAAATTCTAACTTCCTCTATCAGACTCTAGACATATAGTTTCCAACATAGGTCCACAGTTGAGCTGTGGTATTTTATGCATAGACTTATATATCCGCCTACTCACCCTTTACGCCCAATAATCCCGAACAACGCTNNNCCCTTACGTATTACCGCGGCTNCTGGCACGTAATTAGCCGGGGCTTATTCATAAATTAACGTCATCACTTTGTCATTTCCTACAAAGCTTATTCCTCATTTATAAAAGAATTTTACAATCTTTCGACCTTCTTCATTCACGCAGTGTCGCTCCGTCAGGCTTTCGCCCATTGCGGAAGATTCTTAGCTGCTGCCTCCCGTAGGAGNCTGGACCGTATCTCAGTTCCAGTGTGACCGTTCACCCTCTCAGGCCGGTTACTTATCATTGCCTTGGTAGGCATTTACCCTACCAACTAGCTAATAAGACGCAGACTCATCTACAAGCGAACGTTTAAAGGCTTCCTTTCATCAATTAACAAATTAACTGACCTTATTCGGTATTAGCTACTATTTCTAATAGTTATCCCCATCTCATAGGTAGATCATCCACGCGTTACTCACCCGTTCGCCACTGAATGTATTGCTACATCCCGTTTGACTTGCATGCTTAAGACGCACTGCCAGCGTTAGTTCTAAGCCAGGATCAAACTCTTCGTTATT		1e-50	A1401G			aminoglycoside resistance gene|antibiotic resistant gene variant or mutant			Point mutations in the 3' minor domain of the 16S rRNA gene of Borrelia burgdorferi can confer resistance to kanamycin			
2128_3256	CARD_2128_3256	Mycobacterium abscessus 16S rRNA mutation conferring resistance to gentamicin			cds	CU458896.1	1e-30		AGGTGATCCAGCCGCACCTTCCGGTACGGCTACCTTGTTACGACTTCGTCCCAATCGCCGATCCCACCTTCGACAGCTCCCTCCAAAAGGTTAGGCCACTGGCTTCGGGTGTTACCGACTTTCATGACGTGACGGGCGGTGTGTACAAGGCCCGGGAACGTATTCACCGCAGCGTTGCTGATCTGCGATTACTAGCGACTCCGACTTCATGGGGTCGAGTTGCAGACCCCAATCCGAACTGAGACCAGCTTTAAGGGATTCGCTCCACCTTACGGCTTCGCAGCCCTCTGTACTGGCCATTGTAGCATGTGTGAAGCCCTGGACATAAGGGGCATGATGACTTGACGTCATCCCCACCTTCCTCCGAGTTGACCCCGGCAGTCTCCTACGAGTCCCCGGCATTACCCGCTGGCAACATAGGACAAGGGTTGCGCTCGTTGCGGGACTTAACCCAACATCTCACGACACGAGCTGACGACAGCCATGCACCACCTGCACACAGGCCACAAGGGAATACCTATCTCTAGGTACGTCCTGTGCATGTCAAACCCAGGTAAGGTTCTTCGCGTTGCATCGAATTAATCCACATGCTCCGCCGCTTGTGCGGGCCCCCGTCAATTCCTTTGAGTTTTAGTCTTGCGACCGTACTCCCCAGGCGGGGTACTTAATGCGTTAGCTACGGCACGGATCCCAAGGAAGGAAACCCACACCTAGTACCCACCGTTTACGGCGTGGACTACCAGGGTATCTAATCCTGTTCGCTACCCACGCTTTCGCTCCTCAGCGTCAGTTACTGCCCAGAGACCCGCCTTCGCCACCGGTGTTCCTCCTGATATCTGCGCATTCCACCGCTACACCAGGAATTCCAGTCTCCCCTGCAGTACTCTAGTCTGCCCGTATCGCCCGCACGCCCACAGTTAAGCTGTGAGTTTTCACGAACAACGCGACAAACCACCTACGAGCTCTTTACGCCCAGTAATTCCGGACAACGCTCGGACCCTACGTATTACCGCGGCTGCTGGCACGTAGTTGGCCGGTCCTTCTTCTGTAGGTACCGTCACTTTCGCTTCGTCCCTACTGAAAGAGGTTTACAACCCGAAGGCCGTCATCCCTCACGCGGCGTCGCTGCATCAGGCTTGCGCCCATTGTGCAATATTCCCCACTGCTGCCTCCCGTAGGAGTCTGGGCCGTATCTCAGTCCCAGTGTGGCCGGTCACCCTCTCAGGCCGGCTACCCGTCGTCGCCTTGGTGGGCCATTACCCCACCAACAAGCTGATAGGCCGCGGGCTCATCCCACACCGCAAAAGCTTTGCACCACTCACCATGAAGTGTGTGGTCCTATCCGGTATTAGACCCAGTTTCCCAGGCTTATCCCAGAGTGCAGGGCAGATCACCCACGTGTTACTCACCCGTTCGCCACTCGAGTACCCCGAAGGGCCTTTCCGTTCGACTTGCATGTGTTAAGCACGCCGCCAGCGTTCGTCCTGAGCCAGGATCAAACTCT		1e-50	A1375G,C1376T,G1458T,T1373A			aminoglycoside resistance gene|antibiotic resistant gene variant or mutant			Point mutations in the 16S rRNA of Mycobacterium abscessus conferring resistance to gentamicin			
2129_3240	CARD_2129_3240	Escherichia coli 16S rRNA mutation in the rrsB gene conferring resistance to spectinomycin			cds	U00096	1e-30		TAAGGAGGTGATCCAACCGCAGGTTCCCCTACGGTTACCTTGTTACGACTTCACCCCAGTCATGAATCACAAAGTGGTAAGCGCCCTCCCGAAGGTTAAGCTACCTACTTCTTTTGCAACCCACTCCCATGGTGTGACGGGCGGTGTGTACAAGGCCCGGGAACGTATTCACCGTGGCATTCTGATCCACGATTACTAGCGATTCCGACTTCATGGAGTCGAGTTGCAGACTCCAATCCGGACTACGACGCACTTTATGAGGTCCGCTTGCTCTCGCGAGGTCGCTTCTCTTTGTATGCGCCATTGTAGCACGTGTGTAGCCCTGGTCGTAAGGGCCATGATGACTTGACGTCATCCCCACCTTCCTCCAGTTTATCACTGGCAGTCTCCTTTGAGTTCCCGGCCGGACCGCTGGCAACAAAGGATAAGGGTTGCGCTCGTTGCGGGACTTAACCCAACATTTCACAACACGAGCTGACGACAGCCATGCAGCACCTGTCTCACGGTTCCCGAAGGCACATTCTCATCTCTGAAAACTTCCGTGGATGTCAAGACCAGGTAAGGTTCTTCGCGTTGCATCGAATTAAACCACATGCTCCACCGCTTGTGCGGGCCCCCGTCAATTCATTTGAGTTTTAACCTTGCGGCCGTACTCCCCAGGCGGTCGACTTAACGCGTTAGCTCCGGAAGCCACGCCTCAAGGGCACAACCTCCAAGTCGACATCGTTTACGGCGTGGACTACCAGGGTATCTAATCCTGTTTGCTCCCCACGCTTTCGCACCTGAGCGTCAGTCTTCGTCCAGGGGGCCGCCTTCGCCACCGGTATTCCTCCAGATCTCTACGCATTTCACCGCTACACCTGGAATTCTACCCCCCTCTACGAGACTCAAGCTTGCCAGTATCAGATGCAGTTCCCAGGTTGAGCCCGGGGATTTCACATCTGACTTAACAAACCGCCTGCGTGCGCTTTACGCCCAGTAATTCCGATTAACGCTTGCACCCTCCGTATTACCGCGGCTGCTGGCACGGAGTTAGCCGGTGCTTCTTCTGCGGGTAACGTCAATGAGCAAAGGTATTAACTTTACTCCCTTCCTCCCCGCTGAAAGTACTTTACAACCCGAAGGCCTTCTTCATACACGCGGCATGGCTGCATCAGGCTTGCGCCCATTGTGCAATATTCCCCACTGCTGCCTCCCGTAGGAGTCTGGACCGTGTCTCAGTTCCAGTGTGGCTGGTCATCCTCTCAGACCAGCTAGGGATCGTCGCCTAGGTGAGCCGTTACCCCACCTACTAGCTAATCCCATCTGGGCACATCCGATGGCAAGAGGCCCGAAGGTCCCCCTCTTTGGTCTTGCGACGTTATGCGGTATTAGCTACCGTTTCCAGTAGTTATCCCCCTCCATCAGGCAGTTTCCCAGACATTACTCACCCGTCCGCCACTCGTCAGCAAAGAAGCAAGCTTCTTCCTGTTACCGTTCGACTTGCATGTGTTAGGCCTGCCGCCAGCGTTCAATCTGAGCCATGATCAAACTCTTCAATTT		1e-50	C1192A,G1064A,G1064C,G1064T,C1192T,C1066T,C1192G			aminoglycoside resistance gene|antibiotic resistant gene variant or mutant			Point mutations in the 3' major domain of the rrsB 16S rRNA gene of Escherichia coli can confer resistance to spectinomycin			
2131_3262	CARD_2131_3262	Mycobacterium tuberculosis 16S rRNA mutation conferring resistance to streptomycin			cds	AL123456.3	1e-30		AGAAAGGAGGTGATCCAGCCGCACCTTCCGGTACGGCTACCTTGTTACGACTTCGTCCCAATCGCCGATCCCACCTTCGACAGCTCCCTCCCGAGGGTTAGGCCACTGGCTTCGGGTGTTACCGACTTTCATGACGTGACGGGCGGTGTGTACAAGGCCCGGGAACGTATTCACCGCAGCGTTGCTGATCTGCGATTACTAGCGACTCCGACTTCACGGGGTCGAGTTGCAGACCCCGATCCGAACTGAGACCGGCTTTTAAGGATTCGCTTAACCTCGCGGCATCGCAGCCCTTTGTACCGGCCATTGTAGCATGTGTGAAGCCCTGGACATAAGGGGCATGATGACTTGACGTCATCCCCACCTTCCTCCGAGTTGACCCCGGCAGTCTCTCACGAGTCCCCACCATTACGTGCTGGCAACATGAGACAAGGGTTGCGCTCGTTGCGGGACTTAACCCAACATCTCACGACACGAGCTGACGACAGCCATGCACCACCTGCACACAGGCCACAAGGGAACGCCTATCTCTAGACGCGTCCTGTGCATGTCAAACCCAGGTAAGGTTCTTCGCGTTGCATCGAATTAATCCACATGCTCCGCCGCTTGTGCGGGCCCCCGTCAATTCCTTTGAGTTTTAGCCTTGCGGCCGTACTCCCCAGGCGGGGTACTTAATGCGTTAGCTACGGCACGGATCCCAAGGAAGGAAACCCACACCTAGTACCCACCGTTTACGGCGTGGACTACCAGGGTATCTAATCCTGTTCGCTCCCCACGCTTTCGCTCCTCAGCGTCAGTTACTGCCCAGAGACCCGCCTTCGCCACCGGTGTTCCTCCTGATATCTGCGCATTCCACCGCTACACCAGGAATTCCAGTCTCCCCTGCAGTACTCTAGTCTGCCCGTATCGCCCGCACGCTCACAGTTAAGCCGTGAGATTTCACGAACAACGCGACAAACCACCTACGAGCTCTTTACGCCCAGTAATTCCGGACAACGCTCGCACCCTACGTATTACCGCGGCTGCTGGCACGTAGTTGGCCGGTGCTTCTTCTCCACCTACCGTCAATCCGAGAGAACCCGGACCTTCGTCGATGGTGAAAGAGGTTTACAACCCGAAGGCCGTCATCCCCCACGCGGCGTCGCTGCATCAGGCTTGCGCCCATTGTGCAATATTCCCCACTGCTGCCTCCCGTAGGAGTCTGGGCCGTATCTCAGTCCCAGTGTGGCCGGACACCCTCTCAGGCCGGCTACCCGTCGTCGCCTTGGTAGGCCGTCACCCCACCAACAAGCTGATAGGCCGCGGGCTCATCCCACACCGCTAAAGCGCTTTCCACCACAAGACATGCATCCCGTGGTCCTATCCGGTATTAGACCCAGTTTCCCAGGCTTATCCCGAAGTGCAGGGCAGATCACCCACGTGTTACTCACCCGTTCGCCACTCGAGTATCTCCGAAGAGACCTTTCCGTTCGACTTGCATGTGTTAAGCACGCCGCCAGCGTTCGTCCTGAGCCAGGATCAAACTCTCCAAACAAAA		1e-50	A1401G,C517T,G427C,C513T,C526T,A514C,A906G,C492T,A514T			aminoglycoside resistance gene|antibiotic resistant gene variant or mutant			Point mutations within the 530 loop of the 16S rRNA of Mycobacterium tuberculosis can result in resistance against streptomycin. These mutations do not directly inhibit the binding of streptomycin, but is hypothesized that they interfere with conformational perturbations that account for streptomycin's action on the ribosome.			
2132_3263	CARD_2132_3263	Mycobacterium tuberculosis 16S rRNA mutation conferring resistance to kanamycin			cds	AL123456.3	1e-30		AGAAAGGAGGTGATCCAGCCGCACCTTCCGGTACGGCTACCTTGTTACGACTTCGTCCCAATCGCCGATCCCACCTTCGACAGCTCCCTCCCGAGGGTTAGGCCACTGGCTTCGGGTGTTACCGACTTTCATGACGTGACGGGCGGTGTGTACAAGGCCCGGGAACGTATTCACCGCAGCGTTGCTGATCTGCGATTACTAGCGACTCCGACTTCACGGGGTCGAGTTGCAGACCCCGATCCGAACTGAGACCGGCTTTTAAGGATTCGCTTAACCTCGCGGCATCGCAGCCCTTTGTACCGGCCATTGTAGCATGTGTGAAGCCCTGGACATAAGGGGCATGATGACTTGACGTCATCCCCACCTTCCTCCGAGTTGACCCCGGCAGTCTCTCACGAGTCCCCACCATTACGTGCTGGCAACATGAGACAAGGGTTGCGCTCGTTGCGGGACTTAACCCAACATCTCACGACACGAGCTGACGACAGCCATGCACCACCTGCACACAGGCCACAAGGGAACGCCTATCTCTAGACGCGTCCTGTGCATGTCAAACCCAGGTAAGGTTCTTCGCGTTGCATCGAATTAATCCACATGCTCCGCCGCTTGTGCGGGCCCCCGTCAATTCCTTTGAGTTTTAGCCTTGCGGCCGTACTCCCCAGGCGGGGTACTTAATGCGTTAGCTACGGCACGGATCCCAAGGAAGGAAACCCACACCTAGTACCCACCGTTTACGGCGTGGACTACCAGGGTATCTAATCCTGTTCGCTCCCCACGCTTTCGCTCCTCAGCGTCAGTTACTGCCCAGAGACCCGCCTTCGCCACCGGTGTTCCTCCTGATATCTGCGCATTCCACCGCTACACCAGGAATTCCAGTCTCCCCTGCAGTACTCTAGTCTGCCCGTATCGCCCGCACGCTCACAGTTAAGCCGTGAGATTTCACGAACAACGCGACAAACCACCTACGAGCTCTTTACGCCCAGTAATTCCGGACAACGCTCGCACCCTACGTATTACCGCGGCTGCTGGCACGTAGTTGGCCGGTGCTTCTTCTCCACCTACCGTCAATCCGAGAGAACCCGGACCTTCGTCGATGGTGAAAGAGGTTTACAACCCGAAGGCCGTCATCCCCCACGCGGCGTCGCTGCATCAGGCTTGCGCCCATTGTGCAATATTCCCCACTGCTGCCTCCCGTAGGAGTCTGGGCCGTATCTCAGTCCCAGTGTGGCCGGACACCCTCTCAGGCCGGCTACCCGTCGTCGCCTTGGTAGGCCGTCACCCCACCAACAAGCTGATAGGCCGCGGGCTCATCCCACACCGCTAAAGCGCTTTCCACCACAAGACATGCATCCCGTGGTCCTATCCGGTATTAGACCCAGTTTCCCAGGCTTATCCCGAAGTGCAGGGCAGATCACCCACGTGTTACTCACCCGTTCGCCACTCGAGTATCTCCGAAGAGACCTTTCCGTTCGACTTGCATGTGTTAAGCACGCCGCCAGCGTTCGTCCTGAGCCAGGATCAAACTCTCCAAACAAAA		1e-50	C1402A,A1401G,C1402T,G1484T			aminoglycoside resistance gene|antibiotic resistant gene variant or mutant			Point mutations in the 3' domain of 16S rRNA of Mycobacterium tuberculosis can confer resistance to kanamycin.			
2133_3260	CARD_2133_3260	Mycobacterium tuberculosis 16S rRNA mutation conferring resistance to viomycin			cds	AL123456.3	1e-30		AGAAAGGAGGTGATCCAGCCGCACCTTCCGGTACGGCTACCTTGTTACGACTTCGTCCCAATCGCCGATCCCACCTTCGACAGCTCCCTCCCGAGGGTTAGGCCACTGGCTTCGGGTGTTACCGACTTTCATGACGTGACGGGCGGTGTGTACAAGGCCCGGGAACGTATTCACCGCAGCGTTGCTGATCTGCGATTACTAGCGACTCCGACTTCACGGGGTCGAGTTGCAGACCCCGATCCGAACTGAGACCGGCTTTTAAGGATTCGCTTAACCTCGCGGCATCGCAGCCCTTTGTACCGGCCATTGTAGCATGTGTGAAGCCCTGGACATAAGGGGCATGATGACTTGACGTCATCCCCACCTTCCTCCGAGTTGACCCCGGCAGTCTCTCACGAGTCCCCACCATTACGTGCTGGCAACATGAGACAAGGGTTGCGCTCGTTGCGGGACTTAACCCAACATCTCACGACACGAGCTGACGACAGCCATGCACCACCTGCACACAGGCCACAAGGGAACGCCTATCTCTAGACGCGTCCTGTGCATGTCAAACCCAGGTAAGGTTCTTCGCGTTGCATCGAATTAATCCACATGCTCCGCCGCTTGTGCGGGCCCCCGTCAATTCCTTTGAGTTTTAGCCTTGCGGCCGTACTCCCCAGGCGGGGTACTTAATGCGTTAGCTACGGCACGGATCCCAAGGAAGGAAACCCACACCTAGTACCCACCGTTTACGGCGTGGACTACCAGGGTATCTAATCCTGTTCGCTCCCCACGCTTTCGCTCCTCAGCGTCAGTTACTGCCCAGAGACCCGCCTTCGCCACCGGTGTTCCTCCTGATATCTGCGCATTCCACCGCTACACCAGGAATTCCAGTCTCCCCTGCAGTACTCTAGTCTGCCCGTATCGCCCGCACGCTCACAGTTAAGCCGTGAGATTTCACGAACAACGCGACAAACCACCTACGAGCTCTTTACGCCCAGTAATTCCGGACAACGCTCGCACCCTACGTATTACCGCGGCTGCTGGCACGTAGTTGGCCGGTGCTTCTTCTCCACCTACCGTCAATCCGAGAGAACCCGGACCTTCGTCGATGGTGAAAGAGGTTTACAACCCGAAGGCCGTCATCCCCCACGCGGCGTCGCTGCATCAGGCTTGCGCCCATTGTGCAATATTCCCCACTGCTGCCTCCCGTAGGAGTCTGGGCCGTATCTCAGTCCCAGTGTGGCCGGACACCCTCTCAGGCCGGCTACCCGTCGTCGCCTTGGTAGGCCGTCACCCCACCAACAAGCTGATAGGCCGCGGGCTCATCCCACACCGCTAAAGCGCTTTCCACCACAAGACATGCATCCCGTGGTCCTATCCGGTATTAGACCCAGTTTCCCAGGCTTATCCCGAAGTGCAGGGCAGATCACCCACGTGTTACTCACCCGTTCGCCACTCGAGTATCTCCGAAGAGACCTTTCCGTTCGACTTGCATGTGTTAAGCACGCCGCCAGCGTTCGTCCTGAGCCAGGATCAAACTCTCCAAACAAAA		1e-50	A1401G			antibiotic resistant gene variant or mutant|peptide antibiotic resistance gene			Peptide antibiotics inhibit protein synthesis. Resistance to viomycin can be caused by an altered RNA molecule in the 16S ribosomal subunit.			
2136_3232	CARD_2136_3232	Escherichia coli 16S rRNA mutation in the rrsB gene conferring resistance to kanamycin A			cds	U00096	1e-30		TAAGGAGGTGATCCAACCGCAGGTTCCCCTACGGTTACCTTGTTACGACTTCACCCCAGTCATGAATCACAAAGTGGTAAGCGCCCTCCCGAAGGTTAAGCTACCTACTTCTTTTGCAACCCACTCCCATGGTGTGACGGGCGGTGTGTACAAGGCCCGGGAACGTATTCACCGTGGCATTCTGATCCACGATTACTAGCGATTCCGACTTCATGGAGTCGAGTTGCAGACTCCAATCCGGACTACGACGCACTTTATGAGGTCCGCTTGCTCTCGCGAGGTCGCTTCTCTTTGTATGCGCCATTGTAGCACGTGTGTAGCCCTGGTCGTAAGGGCCATGATGACTTGACGTCATCCCCACCTTCCTCCAGTTTATCACTGGCAGTCTCCTTTGAGTTCCCGGCCGGACCGCTGGCAACAAAGGATAAGGGTTGCGCTCGTTGCGGGACTTAACCCAACATTTCACAACACGAGCTGACGACAGCCATGCAGCACCTGTCTCACGGTTCCCGAAGGCACATTCTCATCTCTGAAAACTTCCGTGGATGTCAAGACCAGGTAAGGTTCTTCGCGTTGCATCGAATTAAACCACATGCTCCACCGCTTGTGCGGGCCCCCGTCAATTCATTTGAGTTTTAACCTTGCGGCCGTACTCCCCAGGCGGTCGACTTAACGCGTTAGCTCCGGAAGCCACGCCTCAAGGGCACAACCTCCAAGTCGACATCGTTTACGGCGTGGACTACCAGGGTATCTAATCCTGTTTGCTCCCCACGCTTTCGCACCTGAGCGTCAGTCTTCGTCCAGGGGGCCGCCTTCGCCACCGGTATTCCTCCAGATCTCTACGCATTTCACCGCTACACCTGGAATTCTACCCCCCTCTACGAGACTCAAGCTTGCCAGTATCAGATGCAGTTCCCAGGTTGAGCCCGGGGATTTCACATCTGACTTAACAAACCGCCTGCGTGCGCTTTACGCCCAGTAATTCCGATTAACGCTTGCACCCTCCGTATTACCGCGGCTGCTGGCACGGAGTTAGCCGGTGCTTCTTCTGCGGGTAACGTCAATGAGCAAAGGTATTAACTTTACTCCCTTCCTCCCCGCTGAAAGTACTTTACAACCCGAAGGCCTTCTTCATACACGCGGCATGGCTGCATCAGGCTTGCGCCCATTGTGCAATATTCCCCACTGCTGCCTCCCGTAGGAGTCTGGACCGTGTCTCAGTTCCAGTGTGGCTGGTCATCCTCTCAGACCAGCTAGGGATCGTCGCCTAGGTGAGCCGTTACCCCACCTACTAGCTAATCCCATCTGGGCACATCCGATGGCAAGAGGCCCGAAGGTCCCCCTCTTTGGTCTTGCGACGTTATGCGGTATTAGCTACCGTTTCCAGTAGTTATCCCCCTCCATCAGGCAGTTTCCCAGACATTACTCACCCGTCCGCCACTCGTCAGCAAAGAAGCAAGCTTCTTCCTGTTACCGTTCGACTTGCATGTGTTAGGCCTGCCGCCAGCGTTCAATCTGAGCCATGATCAAACTCTTCAATTT		1e-50	A1408G,T1406A			aminoglycoside resistance gene|antibiotic resistant gene variant or mutant			Point mutations in the 3' minor domain of helix 44, in the rrsB 16S rRNA gene of Escherichia coli can confer resistance to kanamycin A			
2140_3231	CARD_2140_3231	Escherichia coli 16S rRNA mutation in the rrsB gene conferring resistance to streptomycin			cds	U00096	1e-30		TAAGGAGGTGATCCAACCGCAGGTTCCCCTACGGTTACCTTGTTACGACTTCACCCCAGTCATGAATCACAAAGTGGTAAGCGCCCTCCCGAAGGTTAAGCTACCTACTTCTTTTGCAACCCACTCCCATGGTGTGACGGGCGGTGTGTACAAGGCCCGGGAACGTATTCACCGTGGCATTCTGATCCACGATTACTAGCGATTCCGACTTCATGGAGTCGAGTTGCAGACTCCAATCCGGACTACGACGCACTTTATGAGGTCCGCTTGCTCTCGCGAGGTCGCTTCTCTTTGTATGCGCCATTGTAGCACGTGTGTAGCCCTGGTCGTAAGGGCCATGATGACTTGACGTCATCCCCACCTTCCTCCAGTTTATCACTGGCAGTCTCCTTTGAGTTCCCGGCCGGACCGCTGGCAACAAAGGATAAGGGTTGCGCTCGTTGCGGGACTTAACCCAACATTTCACAACACGAGCTGACGACAGCCATGCAGCACCTGTCTCACGGTTCCCGAAGGCACATTCTCATCTCTGAAAACTTCCGTGGATGTCAAGACCAGGTAAGGTTCTTCGCGTTGCATCGAATTAAACCACATGCTCCACCGCTTGTGCGGGCCCCCGTCAATTCATTTGAGTTTTAACCTTGCGGCCGTACTCCCCAGGCGGTCGACTTAACGCGTTAGCTCCGGAAGCCACGCCTCAAGGGCACAACCTCCAAGTCGACATCGTTTACGGCGTGGACTACCAGGGTATCTAATCCTGTTTGCTCCCCACGCTTTCGCACCTGAGCGTCAGTCTTCGTCCAGGGGGCCGCCTTCGCCACCGGTATTCCTCCAGATCTCTACGCATTTCACCGCTACACCTGGAATTCTACCCCCCTCTACGAGACTCAAGCTTGCCAGTATCAGATGCAGTTCCCAGGTTGAGCCCGGGGATTTCACATCTGACTTAACAAACCGCCTGCGTGCGCTTTACGCCCAGTAATTCCGATTAACGCTTGCACCCTCCGTATTACCGCGGCTGCTGGCACGGAGTTAGCCGGTGCTTCTTCTGCGGGTAACGTCAATGAGCAAAGGTATTAACTTTACTCCCTTCCTCCCCGCTGAAAGTACTTTACAACCCGAAGGCCTTCTTCATACACGCGGCATGGCTGCATCAGGCTTGCGCCCATTGTGCAATATTCCCCACTGCTGCCTCCCGTAGGAGTCTGGACCGTGTCTCAGTTCCAGTGTGGCTGGTCATCCTCTCAGACCAGCTAGGGATCGTCGCCTAGGTGAGCCGTTACCCCACCTACTAGCTAATCCCATCTGGGCACATCCGATGGCAAGAGGCCCGAAGGTCCCCCTCTTTGGTCTTGCGACGTTATGCGGTATTAGCTACCGTTTCCAGTAGTTATCCCCCTCCATCAGGCAGTTTCCCAGACATTACTCACCCGTCCGCCACTCGTCAGCAAAGAAGCAAGCTTCTTCCTGTTACCGTTCGACTTGCATGTGTTAGGCCTGCCGCCAGCGTTCAATCTGAGCCATGATCAAACTCTTCAATTT		1e-50	A523C			aminoglycoside resistance gene|antibiotic resistant gene variant or mutant			Point mutations in the 5' domain of helix 18, in the rrsB 16S rRNA gene of Escherichia coli can confer resistance to streptomycin			
2141_3249	CARD_2141_3249	Mycobacterium smegmatis 16S rRNA mutation in the rrsB gene conferring resistance to neomycin			cds	NC_008596.1	1e-30		AGAAAGGAGGTGATCCAGCCGCACCTTCCGGTACGGCTACCTTGTTACGACTTCGTCCCAATCGCCGATCCCACCTTCGACGGCTCCCTCCACAAGGGTTAGGCCACCGGCTTCGGGTGTTACCGACTTTCATGACGTGACGGGCGGTGTGTACAAGGCCCGGGAACGTATTCACCGCAGCGTTGCTGATCTGCGATTACTAGCGACTCCGACTTCACGGGGTCGAGTTGCAGACCCCGATCCGAACTGAGACCGGCTTTGAAAGGATTCGCTCCACCTCACGGCATCGCAGCCCTTTGTACCGGCCATTGTAGCATGTGTGAAGCCCTGGACATAAGGGGCATGATGACTTGACGTCATCCCCACCTTCCTCCGAGTTGACCCCGGCAGTCTCTCACGAGTCCCCACCATAACGTGCTGGCAACATGAGACAAGGGTTGCGCTCGTTGCGGGACTTAACCCAACATCTCACGACACGAGCTGACGACAGCCATGCACCACCTGCACACAGGCCACAAGGGAACCGACATCTCTGCCGGCGTCCTGTGCATGTCAAACCCAGGTAAGGTTCTTCGCGTTGCATCGAATTAATCCACATGCTCCGCCGCTTGTGCGGGCCCCCGTCAATTCCTTTGAGTTTTAGCCTTGCGGCCGTACTCCCCAGGCGGGGTACTTAATGCGTTAGCTACGGCACGGATCCCAAGGAAGGAAACCCACACCTAGTACCCACCGTTTACGGCGTGGACTACCAGGGTATCTAATCCTGTTCGCTCCCCACGCTTTCGCTCCTCAGCGTCAGTTACTGCCCAGAGACCCGCCTTCGCCACCGGTGTTCCTCCTGATATCTGCGCATTCCACCGCTACACCAGGAATTCCAGTCTCCCCTGCAGTACTCTAGTCTGCCCGTATCGCCCGCACGCCCACAGTTAAGCTGTGAGTTTTCACGAACAACGCGACAAACCACCTACGAGCTCTTTACGCCCAGTAATTCCGGACAACGCTCGGACCCTACGTATTACCGCGGCTGCTGGCACGTAGTTGGCCGGTCCTTCTTCTGCACATACCGTCACTTGCGCTTCGTCTGTGCTGAAAGAGGTTTACAACCCGAAGGCCGTCATCCCTCACGCGGCGTCGCTGCATCAGGCTTGCGCCCATTGTGCAATATTCCCCACTGCTGCCTCCCGTAGGAGTCTGGGCCGTATCTCAGTCCCAGTGTGGCCGGTCACCCTCTCAGGCCGGCTACCCGTCGTCGCCTTGGTAGGCCATCACCCCACCAACAAGCTGATAGGCCGCGGGCCCATCCCACACCGCAAAAGCTTTCCCCTACCAGGCCATGCGACCAGCAGGGTGTATTCGGTATTAGACCCAGTTTCCCAGGCTTATCCCAAAGTGCAGGGCAGATCACCCACGTGTTACTCACCCGTTCGCCACTCGAGTACCCCCGAAAGGGCCTTTCCGTTCGACTTGCATGTGTTAAGCACGCCGCCAGCGTTCGTCCTGAGCCAGGATCAAACTCTCCAAACAAAAA		1e-50	T1389A			aminoglycoside resistance gene|antibiotic resistant gene variant or mutant			Point mutations in the helix 44 region of the 16S rRNA rrsB gene of Mycobacterium smegmatis can confer resistance to neomycin			
2142_3244	CARD_2142_3244	Mycobacterium smegmatis 16S rRNA mutation  in the rrsA gene conferring resistance to viomycin			cds	NC_008596.1	1e-30		AGAAAGGAGGTGATCCAGCCGCACCTTCCGGTACGGCTACCTTGTTACGACTTCGTCCCAATCGCCGATCCCACCTTCGACGGCTCCCTCCACAAGGGTTAGGCCACCGGCTTCGGGTGTTACCGACTTTCATGACGTGACGGGCGGTGTGTACAAGGCCCGGGAACGTATTCACCGCAGCGTTGCTGATCTGCGATTACTAGCGACTCCGACTTCACGGGGTCGAGTTGCAGACCCCGATCCGAACTGAGACCGGCTTTGAAAGGATTCGCTCCACCTCACGGCATCGCAGCCCTTTGTACCGGCCATTGTAGCATGTGTGAAGCCCTGGACATAAGGGGCATGATGACTTGACGTCATCCCCACCTTCCTCCGAGTTGACCCCGGCAGTCTCTCACGAGTCCCCACCATAACGTGCTGGCAACATGAGACAAGGGTTGCGCTCGTTGCGGGACTTAACCCAACATCTCACGACACGAGCTGACGACAGCCATGCACCACCTGCACACAGGCCACAAGGGAACCGACATCTCTGCCGGCGTCCTGTGCATGTCAAACCCAGGTAAGGTTCTTCGCGTTGCATCGAATTAATCCACATGCTCCGCCGCTTGTGCGGGCCCCCGTCAATTCCTTTGAGTTTTAGCCTTGCGGCCGTACTCCCCAGGCGGGGTACTTAATGCGTTAGCTACGGCACGGATCCCAAGGAAGGAAACCCACACCTAGTACCCACCGTTTACGGCGTGGACTACCAGGGTATCTAATCCTGTTCGCTCCCCACGCTTTCGCTCCTCAGCGTCAGTTACTGCCCAGAGACCCGCCTTCGCCACCGGTGTTCCTCCTGATATCTGCGCATTCCACCGCTACACCAGGAATTCCAGTCTCCCCTGCAGTACTCTAGTCTGCCCGTATCGCCCGCACGCCCACAGTTAAGCTGTGAGTTTTCACGAACAACGCGACAAACCACCTACGAGCTCTTTACGCCCAGTAATTCCGGACAACGCTCGGACCCTACGTATTACCGCGGCTGCTGGCACGTAGTTGGCCGGTCCTTCTTCTGCACATACCGTCACTTGCGCTTCGTCTGTGCTGAAAGAGGTTTACAACCCGAAGGCCGTCATCCCTCACGCGGCGTCGCTGCATCAGGCTTGCGCCCATTGTGCAATATTCCCCACTGCTGCCTCCCGTAGGAGTCTGGGCCGTATCTCAGTCCCAGTGTGGCCGGTCACCCTCTCAGGCCGGCTACCCGTCGTCGCCTTGGTAGGCCATCACCCCACCAACAAGCTGATAGGCCGCGGGCCCATCCCACACCGCAAAAGCTTTCCCCTACCAGGCCATGCGACCAGCAGGGTGTATTCGGTATTAGACCCAGTTTCCCAGGCTTATCCCAAAGTGCAGGGCAGATCACCCACGTGTTACTCACCCGTTCGCCACTCGAGTACCCCCGAAAGGGCCTTTCCGTTCGACTTGCATGTGTTAAGCACGCCGCCAGCGTTCGTCCTGAGCCAGGATCAAACTCTCCAAACAAAAA		1e-50	G1475T,G1475A			antibiotic resistant gene variant or mutant|peptide antibiotic resistance gene			Point mutations in the helix 44 region of the 16S rRNA rrsA gene of Mycobacterium smegmatis can confer resistance to viomycin.			
2143_3268	CARD_2143_3268	Borrelia burgdorferi 16S rRNA mutation conferring resistance to gentamicin			cds	NR_044732.2	1e-30		TGCTAAACATACCTTAAATACCTTCCTCCCTTACGGGTTAGAATAATAGCTTCGGGTATCCTCAACTCGGGTGGTGTGACGGGCGGTGTGTACAANGCCCGAGAACGTATTCACCGTATCATTCTGATATACGATTACTAGCGATTCCAACTTCATGAAGTCGAGTTTCAGACTTCAATCCGGACTGAGACCTGCTTTATGCGTTTTGCTTCACATCACTGTTTCGCTTCGCTTTGTACAGGCCATTGTAGCACGTGTGTAGCCCAGGACATAAGGGCCATGATGATTTGACGTCATCCTCACCTTCCTCCGACTTATCACCGGCAGTCTTATCTGAGTCCCCACCATTACATGCTGGTAACAGATAACAAGGGTTGCGCTCGTTGCGGGACTTAACCCAACACCTCACAGCACGAGCTGACGACAACCATGCAGCACCTGTATATAGACCCCAAACGGGGAATAATTATCTCTAACTATATCCTATATATGTCAAGCCCTGGTAAGGTTCCTCGCGTANNNTNNNNNNAAACCACATGCTCCACNNCTTGTGCNGGCNCNNNTNAATNCCTTTGAGTTTCNCTCTTGCGAGCATACTCCCCAGGCTGCACACTTAACACGTTAGCTTCGGTACTAACTTTTAGTTAACACCAAGTGTGCATCGTTTACAGCGTAGACTACCAGGGTATCTAATCCTGTTTGCTCCCTACGCTTTCGTGACTCAGCGTCAGTCTTGACCCAGAAGTTCGCCTTCGCCTCCGGTATTCTTTCTGATATCAACAGATTCCACCCTTACACCAGAAATTCTAACTTCCTCTATCAGACTCTAGACATATAGTTTCCAACATAGGTCCACAGTTGAGCTGTGGTATTTTATGCATAGACTTATATATCCGCCTACTCACCCTTTACGCCCAATAATCCCGAACAACGCTNNNCCCTTACGTATTACCGCGGCTNCTGGCACGTAATTAGCCGGGGCTTATTCATAAATTAACGTCATCACTTTGTCATTTCCTACAAAGCTTATTCCTCATTTATAAAAGAATTTTACAATCTTTCGACCTTCTTCATTCACGCAGTGTCGCTCCGTCAGGCTTTCGCCCATTGCGGAAGATTCTTAGCTGCTGCCTCCCGTAGGAGNCTGGACCGTATCTCAGTTCCAGTGTGACCGTTCACCCTCTCAGGCCGGTTACTTATCATTGCCTTGGTAGGCATTTACCCTACCAACTAGCTAATAAGACGCAGACTCATCTACAAGCGAACGTTTAAAGGCTTCCTTTCATCAATTAACAAATTAACTGACCTTATTCGGTATTAGCTACTATTTCTAATAGTTATCCCCATCTCATAGGTAGATCATCCACGCGTTACTCACCCGTTCGCCACTGAATGTATTGCTACATCCCGTTTGACTTGCATGCTTAAGACGCACTGCCAGCGTTAGTTCTAAGCCAGGATCAAACTCTTCGTTATT		1e-50	A1401G			aminoglycoside resistance gene|antibiotic resistant gene variant or mutant			Point mutations in the 3' minor domain of the 16S rRNA gene of Borrelia burgdorferi can confer resistance to gentamicin			
2145_3242	CARD_2145_3242	Escherichia coli 16S rRNA mutation in the rrsB gene conferring resistance to tetracycline			cds	U00096	1e-30		TAAGGAGGTGATCCAACCGCAGGTTCCCCTACGGTTACCTTGTTACGACTTCACCCCAGTCATGAATCACAAAGTGGTAAGCGCCCTCCCGAAGGTTAAGCTACCTACTTCTTTTGCAACCCACTCCCATGGTGTGACGGGCGGTGTGTACAAGGCCCGGGAACGTATTCACCGTGGCATTCTGATCCACGATTACTAGCGATTCCGACTTCATGGAGTCGAGTTGCAGACTCCAATCCGGACTACGACGCACTTTATGAGGTCCGCTTGCTCTCGCGAGGTCGCTTCTCTTTGTATGCGCCATTGTAGCACGTGTGTAGCCCTGGTCGTAAGGGCCATGATGACTTGACGTCATCCCCACCTTCCTCCAGTTTATCACTGGCAGTCTCCTTTGAGTTCCCGGCCGGACCGCTGGCAACAAAGGATAAGGGTTGCGCTCGTTGCGGGACTTAACCCAACATTTCACAACACGAGCTGACGACAGCCATGCAGCACCTGTCTCACGGTTCCCGAAGGCACATTCTCATCTCTGAAAACTTCCGTGGATGTCAAGACCAGGTAAGGTTCTTCGCGTTGCATCGAATTAAACCACATGCTCCACCGCTTGTGCGGGCCCCCGTCAATTCATTTGAGTTTTAACCTTGCGGCCGTACTCCCCAGGCGGTCGACTTAACGCGTTAGCTCCGGAAGCCACGCCTCAAGGGCACAACCTCCAAGTCGACATCGTTTACGGCGTGGACTACCAGGGTATCTAATCCTGTTTGCTCCCCACGCTTTCGCACCTGAGCGTCAGTCTTCGTCCAGGGGGCCGCCTTCGCCACCGGTATTCCTCCAGATCTCTACGCATTTCACCGCTACACCTGGAATTCTACCCCCCTCTACGAGACTCAAGCTTGCCAGTATCAGATGCAGTTCCCAGGTTGAGCCCGGGGATTTCACATCTGACTTAACAAACCGCCTGCGTGCGCTTTACGCCCAGTAATTCCGATTAACGCTTGCACCCTCCGTATTACCGCGGCTGCTGGCACGGAGTTAGCCGGTGCTTCTTCTGCGGGTAACGTCAATGAGCAAAGGTATTAACTTTACTCCCTTCCTCCCCGCTGAAAGTACTTTACAACCCGAAGGCCTTCTTCATACACGCGGCATGGCTGCATCAGGCTTGCGCCCATTGTGCAATATTCCCCACTGCTGCCTCCCGTAGGAGTCTGGACCGTGTCTCAGTTCCAGTGTGGCTGGTCATCCTCTCAGACCAGCTAGGGATCGTCGCCTAGGTGAGCCGTTACCCCACCTACTAGCTAATCCCATCTGGGCACATCCGATGGCAAGAGGCCCGAAGGTCCCCCTCTTTGGTCTTGCGACGTTATGCGGTATTAGCTACCGTTTCCAGTAGTTATCCCCCTCCATCAGGCAGTTTCCCAGACATTACTCACCCGTCCGCCACTCGTCAGCAAAGAAGCAAGCTTCTTCCTGTTACCGTTCGACTTGCATGTGTTAGGCCTGCCGCCAGCGTTCAATCTGAGCCATGATCAAACTCTTCAATTT		1e-50	G1058C			antibiotic resistant gene variant or mutant|tetracycline resistance gene			Point mutations in the 3' major domain of the rrsB 16S rRNA gene of Escherichia coli can confer resistance to tetracycline			
2146_3237	CARD_2146_3237	Escherichia coli 16S rRNA mutation in the rrnB gene conferring resistance to streptomycin			cds	U00096	1e-30		TAAGGAGGTGATCCAACCGCAGGTTCCCCTACGGTTACCTTGTTACGACTTCACCCCAGTCATGAATCACAAAGTGGTAAGCGCCCTCCCGAAGGTTAAGCTACCTACTTCTTTTGCAACCCACTCCCATGGTGTGACGGGCGGTGTGTACAAGGCCCGGGAACGTATTCACCGTGGCATTCTGATCCACGATTACTAGCGATTCCGACTTCATGGAGTCGAGTTGCAGACTCCAATCCGGACTACGACGCACTTTATGAGGTCCGCTTGCTCTCGCGAGGTCGCTTCTCTTTGTATGCGCCATTGTAGCACGTGTGTAGCCCTGGTCGTAAGGGCCATGATGACTTGACGTCATCCCCACCTTCCTCCAGTTTATCACTGGCAGTCTCCTTTGAGTTCCCGGCCGGACCGCTGGCAACAAAGGATAAGGGTTGCGCTCGTTGCGGGACTTAACCCAACATTTCACAACACGAGCTGACGACAGCCATGCAGCACCTGTCTCACGGTTCCCGAAGGCACATTCTCATCTCTGAAAACTTCCGTGGATGTCAAGACCAGGTAAGGTTCTTCGCGTTGCATCGAATTAAACCACATGCTCCACCGCTTGTGCGGGCCCCCGTCAATTCATTTGAGTTTTAACCTTGCGGCCGTACTCCCCAGGCGGTCGACTTAACGCGTTAGCTCCGGAAGCCACGCCTCAAGGGCACAACCTCCAAGTCGACATCGTTTACGGCGTGGACTACCAGGGTATCTAATCCTGTTTGCTCCCCACGCTTTCGCACCTGAGCGTCAGTCTTCGTCCAGGGGGCCGCCTTCGCCACCGGTATTCCTCCAGATCTCTACGCATTTCACCGCTACACCTGGAATTCTACCCCCCTCTACGAGACTCAAGCTTGCCAGTATCAGATGCAGTTCCCAGGTTGAGCCCGGGGATTTCACATCTGACTTAACAAACCGCCTGCGTGCGCTTTACGCCCAGTAATTCCGATTAACGCTTGCACCCTCCGTATTACCGCGGCTGCTGGCACGGAGTTAGCCGGTGCTTCTTCTGCGGGTAACGTCAATGAGCAAAGGTATTAACTTTACTCCCTTCCTCCCCGCTGAAAGTACTTTACAACCCGAAGGCCTTCTTCATACACGCGGCATGGCTGCATCAGGCTTGCGCCCATTGTGCAATATTCCCCACTGCTGCCTCCCGTAGGAGTCTGGACCGTGTCTCAGTTCCAGTGTGGCTGGTCATCCTCTCAGACCAGCTAGGGATCGTCGCCTAGGTGAGCCGTTACCCCACCTACTAGCTAATCCCATCTGGGCACATCCGATGGCAAGAGGCCCGAAGGTCCCCCTCTTTGGTCTTGCGACGTTATGCGGTATTAGCTACCGTTTCCAGTAGTTATCCCCCTCCATCAGGCAGTTTCCCAGACATTACTCACCCGTCCGCCACTCGTCAGCAAAGAAGCAAGCTTCTTCCTGTTACCGTTCGACTTGCATGTGTTAGGCCTGCCGCCAGCGTTCAATCTGAGCCATGATCAAACTCTTCAATTT		1e-50	C528T,G527T			aminoglycoside resistance gene|antibiotic resistant gene variant or mutant			Point mutations in the 5' domain of helix 18, in the rrnB 16S rRNA gene of Escherichia coli can confer resistance to streptomycin			
2149_3245	CARD_2149_3245	Mycobacterium smegmatis 16S rRNA mutation in the rrsA gene conferring resistance to hygromycin B			cds	NC_008596.1	1e-30		AGAAAGGAGGTGATCCAGCCGCACCTTCCGGTACGGCTACCTTGTTACGACTTCGTCCCAATCGCCGATCCCACCTTCGACGGCTCCCTCCACAAGGGTTAGGCCACCGGCTTCGGGTGTTACCGACTTTCATGACGTGACGGGCGGTGTGTACAAGGCCCGGGAACGTATTCACCGCAGCGTTGCTGATCTGCGATTACTAGCGACTCCGACTTCACGGGGTCGAGTTGCAGACCCCGATCCGAACTGAGACCGGCTTTGAAAGGATTCGCTCCACCTCACGGCATCGCAGCCCTTTGTACCGGCCATTGTAGCATGTGTGAAGCCCTGGACATAAGGGGCATGATGACTTGACGTCATCCCCACCTTCCTCCGAGTTGACCCCGGCAGTCTCTCACGAGTCCCCACCATAACGTGCTGGCAACATGAGACAAGGGTTGCGCTCGTTGCGGGACTTAACCCAACATCTCACGACACGAGCTGACGACAGCCATGCACCACCTGCACACAGGCCACAAGGGAACCGACATCTCTGCCGGCGTCCTGTGCATGTCAAACCCAGGTAAGGTTCTTCGCGTTGCATCGAATTAATCCACATGCTCCGCCGCTTGTGCGGGCCCCCGTCAATTCCTTTGAGTTTTAGCCTTGCGGCCGTACTCCCCAGGCGGGGTACTTAATGCGTTAGCTACGGCACGGATCCCAAGGAAGGAAACCCACACCTAGTACCCACCGTTTACGGCGTGGACTACCAGGGTATCTAATCCTGTTCGCTCCCCACGCTTTCGCTCCTCAGCGTCAGTTACTGCCCAGAGACCCGCCTTCGCCACCGGTGTTCCTCCTGATATCTGCGCATTCCACCGCTACACCAGGAATTCCAGTCTCCCCTGCAGTACTCTAGTCTGCCCGTATCGCCCGCACGCCCACAGTTAAGCTGTGAGTTTTCACGAACAACGCGACAAACCACCTACGAGCTCTTTACGCCCAGTAATTCCGGACAACGCTCGGACCCTACGTATTACCGCGGCTGCTGGCACGTAGTTGGCCGGTCCTTCTTCTGCACATACCGTCACTTGCGCTTCGTCTGTGCTGAAAGAGGTTTACAACCCGAAGGCCGTCATCCCTCACGCGGCGTCGCTGCATCAGGCTTGCGCCCATTGTGCAATATTCCCCACTGCTGCCTCCCGTAGGAGTCTGGGCCGTATCTCAGTCCCAGTGTGGCCGGTCACCCTCTCAGGCCGGCTACCCGTCGTCGCCTTGGTAGGCCATCACCCCACCAACAAGCTGATAGGCCGCGGGCCCATCCCACACCGCAAAAGCTTTCCCCTACCAGGCCATGCGACCAGCAGGGTGTATTCGGTATTAGACCCAGTTTCCCAGGCTTATCCCAAAGTGCAGGGCAGATCACCCACGTGTTACTCACCCGTTCGCCACTCGAGTACCCCCGAAAGGGCCTTTCCGTTCGACTTGCATGTGTTAAGCACGCCGCCAGCGTTCGTCCTGAGCCAGGATCAAACTCTCCAAACAAAAA		1e-50	T1482C,T1389C,C1480T			aminoglycoside resistance gene|antibiotic resistant gene variant or mutant			Point mutations in the highly conserved helix 44 of the 16S rrsA rRNA gene of Mycobacterium smegmatis can confer resistance to hygromycin B. Resistance against hygromycin B is the result of conformational alterations that distorts a strong hydrogen bond leading to a change in the local geometry of the hygromycin B binding site.			
2152_3264	CARD_2152_3264	Neisseria meningitidis 16S rRNA mutation conferring resistance to spectinomycin			cds	NR_103915.1	1e-30		AGAAAGGAGGTGATCCAGCCGCAGGTTCCCCTACGGCTACCTTGTTACGACTTCACCCCAGTCATGAAGCATACCGTGGTAAGCGGACTCCTTGTGGTTATCCTACCTACTTCTGGTATCCCCCACTCCCATGGTGTGACGGGCGGTGTGTACAAGACCCGGGAACGTATTCACCGCAGTATGCTGACCTGCGATTACTAGCGATTCCGACTTCATGCACTCGAGTTGCAGAGTGCAATCCGGACTACGATCGGTTTTGTGAGATTGGCTCCGCCTCGCGGCTTGGCTACCCTCTGTACCGACCATTGTATGACGTGTGAAGCCCTGGTCATAAGGGCCATGAGGACTTGACGTCATCCCCACCTTCCTCCGGCTTGTCACCGGCAGTCTCATTAGAGTGCCCAACTGAATGATGGCAACTAATGACAAGGGTTGCGCTCGTTGCGGGACTTAACCCAACATCTCACGACACGAGCTGACGACAGCCATGCAGCACCTGTGTTACGGCTCCCGAAGGCACTCCTCCGTCTCCGGAGGATTCCGTACATGTCAAGACCAGGTAAGGTTCTTCGCGTTGCATCGAATTAATCCACATCATCCACCGCTTGTGCGGGTCCCCGTCAATTCCTTTGAGTTTTAATCTTGCGACCGTACTCCCCAGGCGGTCAATTTCACGCGTTAGCTACGCTACCAAGCAATCAGGTTGCCCAACAGCTAATTGACATCGTTTAGGGCGTGGACTACCAGGGTATCTAATCCTGTTTGCTACCCACGCTTTCGGGCATGAACGTCAGTGTTGTCCCAGGAGGCTGCCTTCGCCATCGGTATTCCTCCACATCTCTACGCATTTCACTGCTACACGTGGAATTCTACCTCCCTCTGACACACTCGAGTCACCCAGTTCAGAACGCAGTTCCCGGGTTGAGCCCGGGGATTTCACATCCTGCTTAAGTAACCGTCTGCGCCCGCTTTACGCCCAGTAATTCCGATTAACGCTCGCACCCTACGTATTACCGCGGCTGCTGGCACGTAGTTAGCCGGTGCTTATTCTTCAGGTACCGTCATCAGCCGCTGATATTAGCAACAGCCTTTTCTTCCCTGACAAAAGTCCTTTACAACCCGAAGGCCTTCTTCAGACACGCGGCATGGCTGGATCAGGCTTGCGCCCATTGTCCAAAATTCCCCACTGCTGCCTCCCGTAGGAGTCTGGGCCGTGTCTCAGTCCCAGTGTGGCGGATCATCCTCTCAGACCCGCTACTGATCGTCGCCTTGGTAGGCCTTTACCCCACCAACTAGCTAATCAGATATCGGCCGCTCGAATAGCGCAAGGCCCGAAGGTCCCCTGCTTTCTCTCTCAAGACGTATGCGGTATTAGCTGATCTTTCGATCAGTTATCCCCCACTACTCGGTACGTTCCGATATGTTACTCACCCGTTCGCCACTCGCCACCCGAGAAGCAAGCTTCTCTGTGCTGCCGTCCGACTTGCATGTGTAAAGCATGCCGCCAGCGTTCAATCTGAGCCAGGATCAAACTCTTATGTTCA		1e-50	G1065C			aminoglycoside resistance gene|antibiotic resistant gene variant or mutant			Point mutations in the 16S rRNA of Neisseria meningitidis can confer resistance to spectinomycin			
2154_3267	CARD_2154_3267	Borrelia burgdorferi 16S rRNA mutation conferring resistance to spectinomycin			cds	NR_044732.2	1e-30		TGCTAAACATACCTTAAATACCTTCCTCCCTTACGGGTTAGAATAATAGCTTCGGGTATCCTCAACTCGGGTGGTGTGACGGGCGGTGTGTACAANGCCCGAGAACGTATTCACCGTATCATTCTGATATACGATTACTAGCGATTCCAACTTCATGAAGTCGAGTTTCAGACTTCAATCCGGACTGAGACCTGCTTTATGCGTTTTGCTTCACATCACTGTTTCGCTTCGCTTTGTACAGGCCATTGTAGCACGTGTGTAGCCCAGGACATAAGGGCCATGATGATTTGACGTCATCCTCACCTTCCTCCGACTTATCACCGGCAGTCTTATCTGAGTCCCCACCATTACATGCTGGTAACAGATAACAAGGGTTGCGCTCGTTGCGGGACTTAACCCAACACCTCACAGCACGAGCTGACGACAACCATGCAGCACCTGTATATAGACCCCAAACGGGGAATAATTATCTCTAACTATATCCTATATATGTCAAGCCCTGGTAAGGTTCCTCGCGTANNNTNNNNNNAAACCACATGCTCCACNNCTTGTGCNGGCNCNNNTNAATNCCTTTGAGTTTCNCTCTTGCGAGCATACTCCCCAGGCTGCACACTTAACACGTTAGCTTCGGTACTAACTTTTAGTTAACACCAAGTGTGCATCGTTTACAGCGTAGACTACCAGGGTATCTAATCCTGTTTGCTCCCTACGCTTTCGTGACTCAGCGTCAGTCTTGACCCAGAAGTTCGCCTTCGCCTCCGGTATTCTTTCTGATATCAACAGATTCCACCCTTACACCAGAAATTCTAACTTCCTCTATCAGACTCTAGACATATAGTTTCCAACATAGGTCCACAGTTGAGCTGTGGTATTTTATGCATAGACTTATATATCCGCCTACTCACCCTTTACGCCCAATAATCCCGAACAACGCTNNNCCCTTACGTATTACCGCGGCTNCTGGCACGTAATTAGCCGGGGCTTATTCATAAATTAACGTCATCACTTTGTCATTTCCTACAAAGCTTATTCCTCATTTATAAAAGAATTTTACAATCTTTCGACCTTCTTCATTCACGCAGTGTCGCTCCGTCAGGCTTTCGCCCATTGCGGAAGATTCTTAGCTGCTGCCTCCCGTAGGAGNCTGGACCGTATCTCAGTTCCAGTGTGACCGTTCACCCTCTCAGGCCGGTTACTTATCATTGCCTTGGTAGGCATTTACCCTACCAACTAGCTAATAAGACGCAGACTCATCTACAAGCGAACGTTTAAAGGCTTCCTTTCATCAATTAACAAATTAACTGACCTTATTCGGTATTAGCTACTATTTCTAATAGTTATCCCCATCTCATAGGTAGATCATCCACGCGTTACTCACCCGTTCGCCACTGAATGTATTGCTACATCCCGTTTGACTTGCATGCTTAAGACGCACTGCCAGCGTTAGTTCTAAGCCAGGATCAAACTCTTCGTTATT		1e-50	A1184G,C1185T			aminoglycoside resistance gene|antibiotic resistant gene variant or mutant			Point mutations in the 3' major domain of the 16S rRNA gene of Borrelia burgdorferi can confer resistance to spectinomycin			
2155_3259	CARD_2155_3259	Propionibacterium acnes 16S rRNA mutation conferring resistance to tetracycline			cds	NR_040847.1	1e-30		GGTTACCTTGTTACGACTTAGTCCTAATCACCAGTCCCACCTTCGACGGCTCCCCCACAACGGTTAGGCCACCGGCTTCGGGTGTTACCAACTTTCATGACTTGACGGGCGGTGTGTACAAGCCCCGGGAACGTATTCACCGCAGCGTTGCTGATCTGCGATTACTAGCGACTCCGACTTCATGAGGTCGAGTTGCAGACCCCAATCCGAACTGAGACCGGCTTTCCGAGATTCGCTCACCCTCACAGGCTCGCCACTCTCTGTACCAGCCATTGTAGCATGCGTGAAGCCCTGGACATAAGGGGCATGATGACTTGACGTCATCCCCACCTTCCTCCGAGTTGACCCCGGCGGTCTCCACTGAGTCCCCACCATAACGTGCTGGCAACAGTGAACAAGGGTTGCGCTCGTTGCGGGACTTAACCCAACATCTCACGACACGAGCTGACGACAGCCATGCACCACCTGTGAACCGACCCCAAAAGAGGCACACCCATCTCTGAGCACTCCCGATCCATGTCAAACCCAGGTAAGGTTCTACGCGTTGCATCGAATTAATCCGCATGCTCCGCCGCTTGTGCGGGGCCCCGTCAATTCCTTTGAGTTTTAGCCTTGCGGCCGTACTCCCCAGGCGGGGTACTTAAAGCGTTAGCTACGGCACGGAACCCGTGGAATGGACCCCACACCTAGTACCCACCGTTTACAGCGTGGACTACCAGGGTATCTAAGCCTGTTCGCTCCCCACGCTTTCGCTCCTCAGCGTCAGGAAAGGCCCAGAGAACCGCCTTCGCCACTGGTGTTCCTCCTGATATCTGCGCATTCCACCGCTCCACCAGGAATTCCATTCTCCCCTACCTTCCTCAAGTCAACCCGTATCGAAAGCACGCTCAGGGTTAAGCCCCAAGATTACACTTCCGACGCGATCAACCACCTACGAGCCCTTTACGCCCAATAAATCCGGACAACGCTCGCACCCTACGTATCACCGCGGCTGCTGGCACGTAGTTAGCCGGTGCTTCTTTACCCATTACCGTCACTCACGCTTCGTCACAGGCGAAAGCGGTTTACAACCCGAAGGCCGTCATCCCGCACGCGGCGTTGCTGCATCAGGCTTCCGCCCATTGTGCAATATTCCCCACTGCTGCCTCCCGTAGGAGTCTGGGCCGTATCTCAGTCCCAATGTGGCCGGTCACCCTCTCAGGCCGGCTACCCGTCAAAGCCTTGGTAAGCCACTACCCCACCAACAAGCTGATAAGCCGCGAGTCCATCCCCAACCGCCGAAACTTTCCAACCCCCACCATGCAGCAGGAGCTCCTATCCGGTATTAGCCCCAGTTTCCTGAAGTTATCCCAAAGTCAAGGGCAGGTTACTCACGTGTTACTCACCCGTTCGCCACTCGAGCACCCCACAAAAGCAGGGCCTTTCCGTTCGACTTGCATGTGTTAAGCACGCCGCCAGCGTTCGTCCTGAGCCAGGATCAAACTCT		1e-50	G1032C			antibiotic resistant gene variant or mutant|tetracycline resistance gene			Tetracycline binds tightly to the helix 34 domain in 16S rRNA, where it interferes sterically with the binding of aminoacyl-tRNA to the ribosome A site to block protein synthesis. Mutations in the nucleotide sequence in this domain for Propionibacterium acnes can result in resistance against tetracycline.			
2157_3233	CARD_2157_3233	Escherichia coli 16S rRNA mutation in the rrsB gene conferring resistance to gentamicin C			cds	U00096	1e-30		TAAGGAGGTGATCCAACCGCAGGTTCCCCTACGGTTACCTTGTTACGACTTCACCCCAGTCATGAATCACAAAGTGGTAAGCGCCCTCCCGAAGGTTAAGCTACCTACTTCTTTTGCAACCCACTCCCATGGTGTGACGGGCGGTGTGTACAAGGCCCGGGAACGTATTCACCGTGGCATTCTGATCCACGATTACTAGCGATTCCGACTTCATGGAGTCGAGTTGCAGACTCCAATCCGGACTACGACGCACTTTATGAGGTCCGCTTGCTCTCGCGAGGTCGCTTCTCTTTGTATGCGCCATTGTAGCACGTGTGTAGCCCTGGTCGTAAGGGCCATGATGACTTGACGTCATCCCCACCTTCCTCCAGTTTATCACTGGCAGTCTCCTTTGAGTTCCCGGCCGGACCGCTGGCAACAAAGGATAAGGGTTGCGCTCGTTGCGGGACTTAACCCAACATTTCACAACACGAGCTGACGACAGCCATGCAGCACCTGTCTCACGGTTCCCGAAGGCACATTCTCATCTCTGAAAACTTCCGTGGATGTCAAGACCAGGTAAGGTTCTTCGCGTTGCATCGAATTAAACCACATGCTCCACCGCTTGTGCGGGCCCCCGTCAATTCATTTGAGTTTTAACCTTGCGGCCGTACTCCCCAGGCGGTCGACTTAACGCGTTAGCTCCGGAAGCCACGCCTCAAGGGCACAACCTCCAAGTCGACATCGTTTACGGCGTGGACTACCAGGGTATCTAATCCTGTTTGCTCCCCACGCTTTCGCACCTGAGCGTCAGTCTTCGTCCAGGGGGCCGCCTTCGCCACCGGTATTCCTCCAGATCTCTACGCATTTCACCGCTACACCTGGAATTCTACCCCCCTCTACGAGACTCAAGCTTGCCAGTATCAGATGCAGTTCCCAGGTTGAGCCCGGGGATTTCACATCTGACTTAACAAACCGCCTGCGTGCGCTTTACGCCCAGTAATTCCGATTAACGCTTGCACCCTCCGTATTACCGCGGCTGCTGGCACGGAGTTAGCCGGTGCTTCTTCTGCGGGTAACGTCAATGAGCAAAGGTATTAACTTTACTCCCTTCCTCCCCGCTGAAAGTACTTTACAACCCGAAGGCCTTCTTCATACACGCGGCATGGCTGCATCAGGCTTGCGCCCATTGTGCAATATTCCCCACTGCTGCCTCCCGTAGGAGTCTGGACCGTGTCTCAGTTCCAGTGTGGCTGGTCATCCTCTCAGACCAGCTAGGGATCGTCGCCTAGGTGAGCCGTTACCCCACCTACTAGCTAATCCCATCTGGGCACATCCGATGGCAAGAGGCCCGAAGGTCCCCCTCTTTGGTCTTGCGACGTTATGCGGTATTAGCTACCGTTTCCAGTAGTTATCCCCCTCCATCAGGCAGTTTCCCAGACATTACTCACCCGTCCGCCACTCGTCAGCAAAGAAGCAAGCTTCTTCCTGTTACCGTTCGACTTGCATGTGTTAGGCCTGCCGCCAGCGTTCAATCTGAGCCATGATCAAACTCTTCAATTT		1e-50	T1406A,A1408G			aminoglycoside resistance gene|antibiotic resistant gene variant or mutant			Point mutations in the 3' minor domain of helix 44, in the rrsB 16S rRNA gene of Escherichia coli can confer resistance to gentamicin C			
2476_3807	CARD_2476_3807	Halobacterium salinarum 16S rRNA mutation conferring resistance to pactamycin			cds	KY084523.1	1e-30		AGGAGGTGATCCAGCCGCAGATTCCCCTACGGCTACCTTGTTACGACTTAATCCCCCTTGCGGAGCCCAGATTTGACCAGCGCATGCCGGCCTCATCCGAACCCCACTCGGGTGATTTGACGGGCGGTGTGTGCAAGGAGCAGGGACGTATTCACCGCGCGCTGCTGACACGCGATTACTACCGAATCCAGCTTCATGAGGGCGAGTTTCAGCCCTCAATCCGAACTACGATCGAGTTTAGGAGATTAGCGCCTCCTCTCGGAGTGGCTTCCCATTGTCTCGACCATTGTAGCCCGCGTGTTGCCCAGCCCATTCGGGGCATACTGACCTACCGTTGCCCGTTCCTTCCTCCGCTTTGGCAGCGGCAGTCCACCTAATGTACCCAGCTACCCAAAGGGTACTGCTGGCAGGTAGGAGTGCGGGTCTCGCTCGTTGCCTGACTTAACAGGACGCCTCACGGTACGAGCTGACGGCGGCCATGCACCTCCTCTCAGTAGCCTCGGGTAAGGTCATCAACCTGACCGTCATTACTACTGTCGGGGCTGGTGAGATGTCCGGCGTTGAGTCCAATTAAACCGCAGGCTCCTCCGGTTGTAGTGCTCCCCCGCCAATTCCTTTAAGTTTCATCCTTGCAGACGTACTTCCCAGGCGGTCCGCTTCTCGGCTTCCCTACGGCACAGCGCAGGCTCGTAGCCTGCGCCACACCTAGCGGACATCGTTTACAGCTAGGACTACCCGGGTATCTAATCCGGTTCGAGACCCTAGCTTTCGTCCCTCACTGTCGGATCCGTTCTCCTGAGGCGCTTTCGCCACCGGCGGTCCGTCCAGGATTACAGGATTTCACTCCTACCCCAGACGTACCCCTCAGGTCGGGGGGTCCCAAGCTGAACAGTGGCCGCTGGACGCCTGCCCGTTAAGCGGACAGATTTCCCAACGGACTTGTTCAGCCAGCTACGGACGCTTTAGGCCCAATAAGATCGGCCATCACTCGGACTGCCGGTATTACCGCGGCGGCTGGCACCGGTCTTGCCCAGTCCTTATTCGTGCACCACCTTACGGTGTACAAAAGTGAAGGCTCTATGCCTTCACACTCGGAGTCCCCTTATCGCACTTTCGTACAGTGTAAAGGTTTCGCGCCTGCTGCGCCCCGTAGGGCCCGGAATCTTGTCTCAGATTCCGTCTCCGGGCTCTTGGGCTCACGGCCCGTACCGATTATGGGCACGGTGGGCCGTTACCCCACCGTCTACCTAGGCGACCGCAGCCGCATCCTGTGGCGCCGGAGCGTTTCCGGCTTTGCCCCTTCCAGGAGCAAAGCGTTATCGGGGATTAGCCTCAGTTTCCCGAGAGTATTCCCGTCCACAGGGTAGCTTGGCCACGTGTTACTGAGCTTTCCGCTGCGGGTCTAAACCCGCACAACTAGCATGGCTAAATCGGACTCCGATAGCAATGGCCTCCGGCAGGATCAACCGGAAT		1e-50	A694G,C795U			antibiotic resistant gene variant or mutant			Point mutations in Halobacterium 16S rRNA that confer resistance to pactamycin antibiotic			
2478_3810	CARD_2478_3810	Helicobacter pylori 16S rRNA mutation conferring resistance to tetracycline			cds	CP003904.1	1e-30		TTTTATGGAGAGTTTGATCCTGGCTCAGAGTGAACGCTGGCGGCGTGCCTAATACATGCAAGTCGAACGATGAAGCTTCTAGCTTGCTAGAGTGCTGATTAGTGGCGCACGGGTGAGTAACGCATAGGTTATGTGCCTCTTAGTTTGGGATAGCCATTGGAAACGATGATTAATACCAGATACTCCTACGGGGGAAAGATTTATCGCTAAGAGATCAGCCTATGTCCTATCAGCTTGTTGGTAAGGTAATGGCTTACCAAGGCTATGACGGGTATCCGGCCTGAGAGGGTGAACGGACACACTGGAACTGAGACACGGTCCAGACTCCTACGGGAGGCAGCAGTAGGGAATATTGCTCAATGGGGGAAACCCTGAAGCAGCAACGCCGCGTGGAGGATGAAGGTTTTAGGATTGTAAACTCCTTTTGTTAGAGAAGATAATGACGGTATCTAACGAATAAGCACCGGCTAACTCCGTGCCAGCAGCCGCGGTAATACGGAGGGTGCAAGCGTTACTCGGAATCACTGGGCGTAAAGAGCGCGTAGGCGGGATAGTCAGTCAGGTGTGAAATCCTATGGCTTAACCATAGAACTGCATTTGAAACTACTATTCTAGAGTGTGGGAGAGGTAGGTGGAATTCTTGGTGTAGGGGTAAAATCCGTAGAGATCAAGAGGAATACTCATTGCGAAGGCGACCTGCTGGAACATTACTGACGCTGATTGCGCGAAAGCKGTTGGGGAGCAAACAGGATTAGATACCCTGGTAGTCCACGCCCTAAACGATGGATGCTAGTTGTTGGAGGGCTTAGTCTCTCCAGTAATGCAGCTAACGCATTAAGCATCCCGCCTGGGGAGTACGGTCGCAAGATTAAAACTCAAAGGAATAGACGGGGACCCGCACAAGCGGTGGAGCATGTGGTTTAATTCGAAGATACACGAAGAACCTTACCTAGGCTTGACATTGAGAGAATCCGCTAGAAATAGTGGAGTGTCTGGCTTGCCAGACCTTGAAAACAGGTGCTGCACGGCTGTCGTCAGCTCGTGTCGTGAGATGTTGGGTTAAGTCCCGCAACGAGCGCAACCCCTTTTCTTAGTTGCTAACAGGTTATGCTGAGAACTCTAAGGATACTGCCTCCGTAAGGGNAGGAAGGTGGGGACGACGTCAAGTCATCATGGCCCTTACGCCTAGGGCTACACACGTGCTACAATGGGGTGCACAAAGAGAAGCAATACTGCGAATGGAGCCAATCTTCAAAACACCTCTCAGTTCGGATTGTAGGCTGCAACTCGCCTGCATGAAGCTGGAATCGCTAGTAATCGCAAATCAGCCATGTTGCGGTGAATACGTTCCCGGGTCTTGTACTCACCGCCCGTCACACCATGGGAGTTGTGTTTGCCTTAAGTCAGGATGCTAAATTGGCTACTGCCCACGGCACACACAGCGACTGGGGTGAAGTCGTAACAAGGTAACCGTAGTGAACCTGCGGTTGGATCACCTCCT		1e-50				antibiotic resistant gene variant or mutant|tetracycline resistance gene			Tetracycline binds tightly to the helix 34 domain in 16S rRNA, where it interferes sterically with the binding of aminoacyl-tRNA to the ribosome A site to block protein synthesis. Mutations in the nucleotide sequence in this domain of Helicobacter pylori can result in resistance against tetracycline.			
2482_3813	CARD_2482_3813	Chlamydomonas reinhardtii 16S rRNA mutation in the rrnS gene conferring resistance to streptomycin			cds	NC_005353.1	1e-30		AGGAGGAAGCAGGCAGTGGCGGTACCACAATAAATTAATTTGTCCTCCTTCCCCTTCCCCTTCGGGTATATAAATATTGGGCAAGTAAACTTAGAATAAACTTTAGTTGCCCGAAGGGGTTTACATACTCCGAAGGAGGACGTCAGTGGCAGTGGTACCGCCACTGCCTAGTATGTAAACATTCTATATTTATATACTCCTAAGTTTACTTGCCCGAAGGGGAAGGAGGCAACTGCCACTAAAATTCATTTGCCGAAGGGGACGTCCACTTACTGAATTACTATTTATTTTCTCTAGAGCAAGAAAATAGCTGTTGAGCGGTTTAGACCTTTTCTGGTCTGCCATATACATGTAACAAGCTAACCTAAAGAATAACATTCAACTATAAAACTAAATGATTTTATTTTATGATTAGCATGTTTTTTCCTAAAATATATTTATTTGACATAAATATATTTATGTGATATAATATATTTAAATGTATTTAAAATTTTTCAACAATTTTTAAATTATATTTCCGACAGATTATTTTAGGATCGTTCAAAAGAAGTTACATTTATTTAGAACTATGATACAAAATACCATCATGCTACCAATGGTAGTAACTGGTTTGTTTTTAGTTGGTTATTATTATTATTATAAGGCAGTGATGCAATTACAATACACTCCAACCAGTTATGTAATTGATTCAACTGCATTAGAGTTTTATAGTAGTCAATCTACGTATACTTTAAAGAAAATTTTACTAGCTCATGCCTGTAACGTTAATAGGTTATGCACCTTGGACTTTCAAGCCAGTGCCACGGCTTATTTAAATCAGGTGGAAGCTTCCGGGTTTTTACAAGGCTTTGGCTTGTTAGGAAACTTATTGTGTTTATTAGATGGGGCGGATGGCATTTTTATAAAAAATATGTTAATTAAACATTTTGCTAAAAAAAATGCGCTGGAAATCCAAGAAGCTATAAACATGATGTTACCGTGTTGCAGATGATGCGCTTTTTGTGGATTCTATCCCTAAAAAACAATTACTGCAATTTTTAGAGACGTTGGTTATGATTTTAAATAAACAAAAACCTACCACAGAAATCTTAACGCAATTGCATGATTATTTAAAAAGCAAAAAAACGTTTCGCTCTCTGCGCGAACCGTTATTTGCAAAAAAAAAATTATGGAATAACGGCACAAGGTTTCTTAACACTACCGTTGCTTTTTTACTTTCGGCTGCGGTAATTTTTTCCCCAGCGGCATCTTATGCCGCTTTCTCACGTGCTTCTGTTTTATCTAAAACACAAGCAGCACCACAATCAAGAGTGGCAACACGTGCTTTGCGCACCGCAGATCTTCCCTCAAACATAAACGTGTTTGTGGTAGAAAACCGACAAGAAAGGAACCAGGTGCAATTATTGGAGCTACAAGTCGATCCGACGTCAGCCGAGATCATTAAGCTTGTTTCCCAACCTTTTGCGGTGGATCC		1e-50				aminoglycoside resistance gene|antibiotic resistant gene variant or mutant			Point mutation in C. reinhardtii rrnS conferring resistance to streptomycin antibiotic.			
