key	entry_name	function_grp_names	dna_accession	prot_sequence	dna_sequence
164__SHV-OKP-LEN_Bla__LEN-10__3748	LEN-10	Beta-lactam	AJ635419		GCCACCCTGCCACTGGCGGTAGACGCCGGTCCACAGCCGCTTGAGCAGATTAAACAAAGCGAAAGCCAGCTGTCGGGCCGCGTGGGGATGGTGGAAATGGATCTGGCCAGCGGCCGCACGCTGGCGGCCTGGCGCGCCGATGAACGCTTTCCCATGGTGAGCACCTTTAAAGTGCTGCTGTGCGGCGCGGTGCTGGCGCGGGTGGATGCCGGGCTCGAACAACTGGATCGGCGGATCCACTACCGCCAGCAGGATCTGGTGGACTACTCCCCGGTCAGCGAAAAACACCTTACCGACGGGATGACGATCGGCGAACTCTGCGCCGCCGCCATCACCCTGAGCGATAACAGCGCTGGCAATCTGCTGCTGGCCACCGTCGGCGGCCCCGCGGGATTAACTGCCTTTCTGCGCCAGATCGGTGACAACGTCACCCGTCTTGACCGCTGGGAAACGGCACTGAATGAGGCGCTTCCCGGCGACGCGCGCGACACCACCACCCCGGCCAGCATGGCCGCCACGCTGCGCAAACTACTGACCGCGCAGCATCTGAGCGCCCGTTCGCAACAGCAACTCCTGCAGTGGATGGTGGACGATCGGGTTGCCGGCCCGCTGATCCGCGCCGTGCTGCCGCCGGGCTGGTTTATCGCCGACAAAACCGGGGCTGGCGAACGGGGTGCGCGCGGCATTGTCGCCCTGCTCGGCCCGGACGGCAAACCGGAGCGCATTGTGGTGCTCTATCTGCGGGATACCCCGGCGAGTATGGCCGAGCGTAATCAACATATCGCCGGG
164__SHV-OKP-LEN_Bla__LEN-11__1693	LEN-11	Beta-lactam	AJ635417		GCCACCCTGCCACTGGCGGTAGACGCCGGTCCACAGCCGCTTGAGCAGATTAAACAAAGCGAAAGCCAGCTGTCGGGCCGCGTGGGGATGGTGGAAATGGATCTGGCCAGCGGCCGCACGCTGGCCGCCTGGCGCGCCGATGAACGCTTTCCCATGGTGAGCACCTTTAAAGTGCTGCTGTGCGGCGCGGTGCTGGCGCGGGTGGATGCCGGGCTCGAACAACTGGATCGGCGGATCCACTACCGCCAGCAGGATCTGGTGGACTACTCCCCGGTCAGCGAAAAACACCTTGTCGACGGGATGACGATCGGCGAACTCTGCGCCGCCGCCATCACCCTGAGCGATAACAGCGCTGGCAATCTGCTGCTGGCCACCGTCGGCGGCCCCGCGGGATTAACTGCCTTTCTGCGCCAGATCGGTGACAACGTCACCCGTCTTGACCGCTGGGAAACGGCACTGAATGAGGCGCTTCCCGGCGACGCGCGCGACACCACCACCCCGGCCAGCATGGCCGCCACGCTGCGCAAACTACTGACCGCGCAGCATCTGAGCGCCCGTTCGCAACAGCAACTCCTGCAGTGGATGGTGGACGATCGGGTTGCCGGCCCGCTGATCCGCGCCGTGCTGCCGGCGGGCTGGTTTATCGCCGACAAAACCGGGGCTGGCGAACGGGGTGCGCGCGGCATTGTCGCCCTGCTCGGCCCGGACGGCAAACCGGAGCGCATTGTGGTGATCTATCTGCGGGATACCCCGGCGAGTATGGCCGAGCGTAATCAACATATCGCCGGG
164__SHV-OKP-LEN_Bla__LEN-12__3676	LEN-12	Beta-lactam	AJ635406		GCCACCCTGCCACTGGCGGTATACGCCGGTCCACAGCCGCTTGAGCAGATTAAACAAAGCGAAAGCCAGCTGTCGGGCCGCGTGGGGATGGTGGAAATGGATCTGGCCAGCGGCCGCACGCTGGCCGCCTGGCGCGCCGATGAACGCTTTCCCATGGTGAGCACCTTTAAAGTGCTGCTGTGCGGCGCGGTGCTGGCGCGGGTGGATGCCGGGCTCGAACAACTGGATCGGCGGATCCACTACCGCCAGCAGGATCTGGTGGACTACTCCCCGGTCAGCGAAAAACACCTTGTCGACGGGATGACGATCGGCGAACTCTGCGCCGCCGCCATCACCCTGAGCGATAACAGCGCTGGCAATCTGCTGCTGGCCACCGTCGGCGGCCCCGCGGGATTAACTGCCTTTCTGCGCCAGATCGGTGACAACGTCACCCGTCTTGACCGCTGGGAAACGGCACTGAATGAGGCGCTTCCCGGCGACGCGCGCGACACCACCACCCCGGCCAGCATGGCCGCCACGCTGCGCAAACTACTGACCGCGCAGCATCTGAGCGCCCGTTCGCAACAGCAACTCCTGCAGTGGATGGTGGACGATCGGGTTGCCGGCCCGCTGATCCGCGCCGTGCTGCCGGCGGGCTGGTTTATCGCCGACAAAACCGGGGCTGGCGAACGGGGTGCGCGCGGCATTGTCGCCCTGCTCGGCCCGGACGGCAAACCGGAGCGCATTGTGGTGATCTATCTGCGGGATACCCCGGCGAGTATGGCCGAGCGTAATCAACATATCGCCGGG
164__SHV-OKP-LEN_Bla__LEN-13__2769	LEN-13	Beta-lactam	AJ635403		GCCACCCTGCCACTGGCGGTAGACGCCGGTCCACAGCCGCTTGAGCAGATTAAACAAAGCGAAAGCCAGCTGTCGGGCCGCGTGGGGATGGTGGAAATGGATCTGGCCAGCGGCCGCACGCTGGCCGCCTGGCGCGCCGATGAACGCTTTCCCATGGTGAGCACCTTTAAAGTGCTGCTGTGCGGCGCGGTGCTGGCGCGGGTGGATGCCGGGCTCGAACAACTGGATCGGCGGATCCACTACCGCCAGCAGGATCTGGTGGACTACTCCCCGGTCAGCGAAAAACACCTTGTCGACGGGATGACGATCGGCGAACTCTGCGCCGCCGCCATCACCCTGAGCGATAACAGCGCTGGCAATCTGCTGCTGGCCACCGTCGGCGGCCCCGCGGGATTAACTGCCTTTCTGCGCCAGATCGGTGACAACGTCACCCGTCTTGACCGCTGGGAAACGGCACTGAATGAGGCGCTTCCCGGCGACGCGCGCGACACCACCACCCCGGCCAGCATGGCCGCCACGCTGCGCAAACTACTGACCGCGCAGCATCTGAGCGCCCGTTCGCAACAGCAACTCCTGCAGTGGATGGTGGACGATCGGGTTGCCGGCCCGCTGATCCGCGCCGTGCTGCCGCCGGGCTGGTTTATCGCCGACAAAACCGGGGCTGGCGAACGGGGTGCGCGCGGCATTGTCGCCCTGCTCGGCCCGGACGGCAAACCGGAGCGCATTGTGGTGCTCTATCTGCGGGATACCCCGGCGAGTATGGCCGAGCGTAATCAACATATCGCCGGG
164__SHV-OKP-LEN_Bla__LEN-3__17	LEN-3	Beta-lactam	AY130286		GTTATCTCCCTGTTAGCCACCCTGCCACTGGTGGTATACGCCGGTCCACAGCCGCTTGAGCAGATTAAACAAAGCGAAAGCCAGCTGTCGGGCCGCGTGGGGATGGTGGAAATGGATCTGGCCAGCGGCCGCACGCTGGCCGCCTGGCGCGCCGATGAACGCTTTCCCATGGTGAGCACCTTTAAAGTGCTGCTGTGCGGCGCGGTGCTGGCGCGGGTGGATGCCGGGCTCGAACAACTGGATCGGCGGATCCACTACCGCCAGCAGGATCTGGTGGACTACTCCCCGGTCAGCGAAAAACACCTTGTCGACGGGATGACGATCGGCGAACTCTGCGCCGCCGCCATCACCCTGAGCGATAACAGCGCTGGCAATCTGCTGCTGGCCACCGTCGGCGGCCCCGCGGGATTAACTGCCTTTCTGCGCCAGATCGGTGACAACGTCACCCGTCTTGACCGCTGGGAAACGGCACTGAATGAGGCGCTTCCCGGCGACGCGCGCGACACCACCACCCCGGCCAGCATGGCCGCCACGCTGCGCAAACTACTGACCGCGCAGCATCTGAGCGCCCGTTCGCAACAGCAACTCCTGCAGTGGATGGTGGACGATCGGGTTGCCGGCCCGCTGATCCGCGCCGTGCTGCCGCCGGGCTGGTTTATCGCCGACAAAACCGGGGCTGGCGAACGGGGTGCGCGCGGCATTGTCGCCCTGCTCGGCCCGGACGGCAAACCGGAGCGCATTGTGGTGATCTATCTGCGGGATACCCCGGCGAGTATGGCCGAGCGTAATCAACAAATCGCCGGGATCGGCGCGGCGCTGATC
164__SHV-OKP-LEN_Bla__LEN-4__471	LEN-4	Beta-lactam	AY130287		GTTATCTCCCTGTTAGCCACCCTGCCACTGGCGGTAGACGCCGGTCCACAGCCGCTTGAGCAGATTAAACAAAGCGAAAGCCAGCTGTCGGGCCGCGTGGGGATGGTGGAAATGGATCTGGCCAGCGGCCGCACGCTGGCCGCCTGGCGCGCCGATGAACGCTTTCCCATGGTGAGCACCTTTAAAGTGCTGCTGTGCGGCGCGGTGCTGGCGCGGGTGGATGCCGGGCTCGAACAACTGGATCGGCGGATCCACTACCGCCAGCAGGATCTGGTGGACTACTCCCCGGTCAGCGAAAAACACCTTACCGACGGGATGACGATCGGCGAACTCTGCGCCGCCGCCATCACCCTGAGCGATAACAGCGCTGGCAATCTGCTGCTGGCCACCGTCGGCGGCCCCGCGGGATTAACTGCCTTTCTGCGCCAGATCGGTGACAACGTCACCCGTCTTGACCGCTGGGAAACGGCACTGAATGAGGCGCTTCCCGGCGACGCGCGCGACACCACCACCCCGGCCAGCATGGCCGCCACGCTGCGCAAACTACTGACCGCGCAGCATCTGAGCGCCCGTTCGCAACAGCAACTCCTGCAGTGGATGGTGGACGATCGGGTTGCCGGCCCGCTGATCCGCGCCGTGCTGCCGCCGGGCTGGTTTATCGCCGACAAAACCGGGGCTGGCGAACGGGGTGCGCGCGGCATTGTCGCCCTGCTCGGCCCGGACGGCAAACCGGAGCGCATTGTGGTGATCTATCTGCGGGATACCCCGGCGAGTATGGCCGAGCGTAATCAACAAATCGCCGGGATCGGCGCGGCGCTGATC
164__SHV-OKP-LEN_Bla__LEN-6__2803	LEN-6	Beta-lactam	AY265890		ATTATCTCCCTGTTAGCCACCCTGCCACTGGCGGTAGACGCCGGTCCACAGCCGCTTGAGCAGATTAAACAAAGCGAAAGCCAGCTGTCGGGCCGCGTGGGGATGGTGGAAATGGATCTGGCCAGCGGCCGCACGCTGGCCGCCTGGCGCGCCGATGAACGCTTTCCCATGGTGAGCACCTTTAAAGTGCTGCTGTGCGGCGCGGTGCTGGCGCGGGTGGATGCCGGGCTCGAACAACTGGATCGGCGGATCCACTACCGCCAGCAGGATCTGGTGGACTACTCCCCGGTCAGCGAAAAACACCTTGTCGACGGGATGACGATCGGCGAACTCTGCGCCGCCGCCATCACCCTGAGCGATAACAGCGCTGGCAATCTGCTGCTGGCCACCGTCGGCGGCCCCGCGGGATTAACTGCCTTTCTGCGCCAGATCGGTGACAACGTCACCCGTCTTGACCGCTGGGAAACGGAAC
164__SHV-OKP-LEN_Bla__LEN-7__2187	LEN-7	Beta-lactam	AJ635425		GCCACCCTGCCACTGGCGGTAGACGCCGGTCCACAGCCGCTTGAGCAGATTAAACAAAGCGAAAGCCAGCTGTCGGGCCGCGTGGGGATGGTGGAAATGGATCTGGCCAGCGGCCGCACGCTGGCCGCCTGGCGCGCCGATGAACGCTTTCCCATGGTGAGCACCTTTAAAGTGCTGCTGTGCGGCGCGGTGCTGGCGCGGGTGGATGCAGGGGTCGAACAACTGGATCGGCGGATCCACTACCGCCAGCAGGATCTGGTGGACTACTCCCCGGTCAGCGAAAAACACCTTACCGACGGGATGACGATCGGCGAACTCTGCGCCGCCGCCATCACCCTGAGCGATAACAGCGCTGGCAATCTGCTGCTGGCCACCGTCGGCGGCCCCGCGGGATTAACTGCCTTTCTGCGCCAGATCGGTGACAACGTCACCCGTCTTGACCGCTGGGAAACGGCGCTGAATGAGGCGCTTCCCGGCGACGCGCGCGACACCACCACCCCGGCCAGCATGGCCGCCACGCTGCGCAAACTACTGACCGCGCAGCATCTGAGCGCCCGTTCGCAACAGCAACTCCTGCAGTGGATGGTGGACGATCGGGTTGCCGGCCCGCTGATCCGCGCCGTGCTGCCGCCGGGCTGGTTTATCGCCGACAAAACCGGGGCTGGCGAACGGGGTGCGCGCGGCATTGTCGCCCTGCTCGGCCCGGACGGCAAACCGGAGCGCATTGTGGTGATCTATCTGCGGGATACCCCGGCGAGTATGGCCGAGCGTAATCAACATATCGCCGGG
164__SHV-OKP-LEN_Bla__LEN-8__3982	LEN-8	Beta-lactam	AJ635424		GCCACCCTGCCACTGGTGGTATACGCCGGTCCACAGCCGCTTGAGCAGATTAAACAAAGCGAAAGCCAGCTGCCGGGCCGCGTGGGGATGGTGGAAATGGATCTGGCCAGCGGCCGCACGCTGGCCGCCTGGCGCGCCGATGAACGCTTTCCCATGGTGAGCACCTTTAAAGTGCTGCTGTGCGGCGCGGTGCTGGCGCGGGTGGATGCCGGGCTCGAACAACTGGATCGGCGGATCCACTACCGCCAGCAGGATCTGGTGGACTACTCCCCGGTCAGCGAAAAACACCTTGTCGACGGGATGACGATCGGCGAACTCTGCGCCGCCGCCATCACCCTGAGCGATAACAGCGCTGGCAATCTGCTGCTGGCCACCGTCGGCGGCCCCGCGGGATTAACTGCTTTTCTGCGCCAGATCGGTGACAACGTCACCCATCTTGACCGCTGGGAAACGGCACTGAATGAGGCGCTTCCCGGCGACGCGCGCGACACCACCACCCCGGCCAGCATGGCCGCCACGCTGCGCAAACTACTGACCGCGCAGCATCTGAGCGCCCGTTCGCAACAGCAACTCCTGCAGTGGATGGTGGACGATCGGGTTGCCGGCCCGCTGATCCGCGCCGTGCTGCCGCCGGGCTGGTTTATCGCCGACAAAACCGGGGCTGGCGAACGGGGTGCGCGCGGCATTGTCGCCCTGCTCGGCCCGGACGGCAAACCGGAGCGCATTGTGGTGATCTATCTGCGGGATACCCCGGCGAGTATGGCCGAGCGCAATCAACATATCGCCGGG
164__SHV-OKP-LEN_Bla__LEN-9__2337	LEN-9	Beta-lactam	AJ635405		GCCACCCTGCCACTGGTGGTATACGCCGGTCCACAGCCGCTTGAGCAGATTAAACAAAGCGAAAGCCAGCTGTCGGGCCGCGTGGGGATGGTGGAAATGGATCTGGCCAGCGGCCGCACGCTGGCCGCCTGGCGCGCCGATGAACGCTTTCCCATGGTGAGCACCTTTAAAGTGCTGCTGTGCGGCGCGGTGCTGGCGCGGGTGGATGCCGGGCTCGAACAACTGGATCGGCGGATCCACTACCGCCAGCAGGATCTGGTGGACTACTCCCCGGTCAGCGAAAAACACCTTGTCGACGGGATGACGATCGGCGAACTCTGTGCCGCCGCCATCACCCTGAGCGATAACAGCGCTGGCAATCTGCTGCTGGCCACCGTCGGCGGCCCCGCGGGATTAACTGCCTTTCTGCGCCAGATCGGTGACAACGTCACCCGTCTTGACCGCTGGGAAACGGCACTGAATGAGGCGCTTCCCGGCGACGCGCGCGACACCACCACCCCGGCCAGCATGGCCGCCACGCTGCGCAAACTACTGACCGCGCAGCATCTGAGCGCCCGTTCGCAACAGCAACTCCTGCAGTGGATGGTGGACGATCGGGTTGCCGGCCCGCTGATCCGCGCCGTGCTGCCGCCGGGCTGGTTTATCGCCGACAAAACCGGGGCTGGCGAACGGGGTGCGCGCGGCATTGTCGCCCTGCTCGGCCCGGACGGCAAACCGGAGCGCATTGTGGTGATCTATCTGCGGGATACCCCGGCGAGTATGGCCGAGCGTAATCAACATATCGCCGGG
164__SHV-OKP-LEN_Bla__LEN-9__3072	LEN-9	Beta-lactam	AJ635423		GCCACCCTGCCACTGGTGGTATACGCCGGCCCACAGCCGCTTGAGCAGATTAAACAAAGCGAAAGCCAGCTGTCGGGCCGCGTGGGGATGGTGGAAATGGATCTGGCCAGCGGCCGCACGCTGGCCGCCTGGCGCGCCGATGAACGCTTTCCCATGGTGAGCACCTTTAAAGTGCTGCTGTGCGGCGCGGTGCTGGCGCGGGTGGATGCCGGGCTCGAACAACTGGATCGGCGGATCCACTACCGCCAGCAGGATCTGGTGGACTACTCCCCGGTCAGCGAAAAACACCTTGTCGACGGGATGACGATCGGCGAACTCTGCGCCGCCGCCATCACCCTGAGCGATAACAGCGCTGGCAATCTGCTGCTGGCCACCGTCGGCGGCCCCGCGGGATTAACTGCCTTTCTGCGCCAGATCGGTGACAACGTCACCCGTCTTGACCGCTGGGAAACGGCACTGAATGAGGCGCTTCCCGGCGACGCGCGCGACACCACCACCCCGGCCAGCATGGCCGCCACGCTGCGCAAACTACTGACCGCGCAGCATCTGAGCGCCCGTTCGCAACAGCAACTCCTGCAGTGGATGGTGGACGATCGGGTTGCCGGCCCGCTGATCCGCGCCGTGCTGCCGCCGGGCTGGTTTATCGCCGACAAAACCGGGGCTGGCGAACGGGGTGCGCGCGGCATTGTCGCCCTGCTCGGCCCGGACGGCAAACCGGAGCGCATTGTGGTGATCTATCTGCGGGATACCCCGGCGAGTATGGCCGAGCGTAATCAACATATCGCCGGG
164__SHV-OKP-LEN_Bla__OKP-B-12__2212	OKP-B-12	Beta-lactam	AJ635420		ACCGCCCTGCCACTGGCGGTATTCGCCAGCCCTCAGCCGCTTGAGCAGATTAAAATCAGCGAAGGTCAGCTGGCGGGCCGGGTGGGCTATGTTGAAATGGATCTGGCCAGCGGCCGCATGCTGGCCGCCTGGCGCGCCAGTGAGCGCTTTCCGCTGATGAGCACCTTTAAAGTGCTGCTCTGCGGCGCTGTGCTGGCCCGGGTGGATGCCGGCGACGAACAGCTGGATCGGCGGATCCACTACCGCCAGCAGGATCTGGTGGACTACTCCCCGGTCAGCGAAAAACACCTTGCCGACGGGATGACCGTTGGCGAACTCTGCGCCGCCGCCATCACCATGAGCGATAACAGCGCCGGCAATCTGCTGTTGAAGAGCGTCGGCGGCCCCGCGGGATTGACCACTTTTCTGCGCCAGATCGGTGACAACGTCACCCGCCTTGACCGCTGGGAAACGGAACTCAATGAGGCGCTTCCCGGCGACGTGCGCGACACCACCACCCCGGCCAGCATGGCCACCACCCTGCGCAAGTTGCTAACCACCCCCTCTCTGAGCGCCCGTTCGCAGCAGCAGCTGCTGCAGTGGATGGTGGACGACCAGGTGGCCGGCCCGTTGATCCGCGCCGTGCTGCCGGCGGGCTGGTTTATCGCCGATAAAACCGGGGCCGGTGAGCGGGGCTCACGCGGCATTGTCGCCCTGCTCGGCCCGGACGGCAAAGCGGAGCGTATCGTGGTGATCTATCTGCGGGATACCGCTGCGACCATGGCCGAACGTAACCAGCAGATCGCCGGG
164__SHV-OKP-LEN_Bla__SHV-140__2545	SHV-140	Beta-lactam	JN051143		AAGCGTTATATTCGCCTGTGTATTATCTCCCTGTTAGCCACCCTGCCGCTGGCGGTACACGCCAGCCCGCAGCCGCTTGAGCAAATTAAACTAAGCGAAAGCCAGCTGTCGGGCCGCGTAGGCATGATAGAAATGGATCTGGCCAGCGGCCGCACGCTGACCGCCTGGCGCGCCGATGAACGCTTTCCCATGATGAGCACCTTTAAAGTAGTGCTCTGCGGCGCAGTGCTGGCCCGGGTGGATGCCGGTGACGAACAGCTGGAGCGAAAGATCCACTATAGCCAGCAGGATCTGGTGGACTACTCGCCGGTCAGCGAAAAACACCTTGCCGACGGCATGACGGTCGGCGAACTCTGTGCCGCCGCCATTACCATGAGCGATAACAGCGCCGCCAATCTGCTGCTGGCCACCGTCGGCGGCCCCGCAGGATTGACTGCCTTTTTGCGCCAGATCGGCGACAACGTCACCCGCCTTGACCGCTGGGAAACGGAACTGAATGAGGCGCTTCCCGGCGACGCCCGCGACACCACTACCCCGGCCAGCATGGCCGCGACCCTGCGCAAGCTGCTGACCAGCCAGCGTCTGAGCGCCCGTTCGCAACGGCAGCTGCTGCAGTGGATGGTGGACGATCGGGTCGCCGGACCGTTGATCCGCTCCGTGCTGCCGGCGGGCTGGTTTATCGCCGATAAGACCGGAGCTGGCGAACGGGGTGCGCGCGGGATTGTCGCCCTGCTTGGCCCGAATAACAAAGCAGAGCGGATTGTGGTGATTTATCTGCGGGATACGCCGGCGAGCATGGCCGAGCGAAATCAGCAAATCGCCGGGATCGGCGCGGCGCTGATCGAGCACTGGCAACGC
164__SHV-OKP-LEN_Bla__SHV-147__1804	SHV-147	Beta-lactam	JX121114		ATGCGTTATATTCGCCTGTGTATTATCTCCCTGTTAGCCACCCTGCCGCTGGCGGTACACGCCAGCCCGCAGCCGCTTGAGCAAATTAAACTAAGCGAAAGCCAGCTGTCGGGCCGCGTAGGCATGATAGAAATGGATCTGGCCAGCGGCCGCACGCTGACCGCCTGGCGCGCCGATGAACGCTTTCCCATGATGAGCGCCTTTAAAGTAGTGCTCTGCGGCGCAGTGCTGGCGCGGGTGGATGCCGGTGACGAACAGCTGGAGCGAAAGATCCACTATCGCCAGCAGGATCTGGTGGACTACTCGCCGGTCAGCGAAAAACACCTTGCCGACGGCATGACGGTCGGCGAACTCTGCGCCGCCGCCATTACCATGAGCGATAACAGCGCCGCCAATCTGCTGCTGGCCACCGTCGGCGGCCCCGCAGGATTGACTGCCTTTTTGCGCCAGATCGGCGACAACGTCACCCGCCTTGACCGCTGGGAAACGGAACTGAATGAGGCGCTTCCCGGCGACGCCCGCGACACCACTACCCCGGCCAGCATGGCCGCGACCCTGCGCAAGCTGCTGACCAGCCAGCGTCTGAGCGCCCGTTCGCAACGGCAGCTGCTGCAGTGGATGGTGGACGATCGGGTCGCCGGACCGTTGATCCGCTCCGTGCTGCCGGCGGGCTGGTTTATCGCCGATAAGACCGGAGCTGGCGAGCGGGGTGCGCGCGGCATTGTCGCCCTGCTTGGCCCGAATAACAAAGCAGAGCGCATTGTGGTGATTTATCTGCGGGATACGTCGGCGAGCATGGCCGAGCGAAATCAGCAAATCGCCGGGATCGGCGCGGCGCTGATCGAGCACTGGCAACGC
164__SHV-OKP-LEN_Bla__SHV-148__2485	SHV-148	Beta-lactam	JX121115		ATGCGTTATATTCGCCTGTGTATTATCTCCCTGTTAGCCACCCTGCCGCTGGCGGTACACGCCAGCCCGCAGCCGCTTGAGCAAATTAAACTAAGCGAAAGCCAGCTGTCGGGCCGCGTAGGCATGATAGAAATGGATCTGGCCAGCGGCCGCACGCTGACCGCCTGGCGCGCCGATGAACGCTTTCCCATGATGAGCACCTTTAAAGTAGTGCTCTGCGGCGCAGTGCTGGCGCGGGTGGATGCCGGTGACGAACAGCTGGAGCGAAAGATCCACTATCGCCAGCAGGATCTGGTGGACTACTCGCCGGTCAGCGAAAAACACCTTGCCGACGGCATGACGGTCGGCGAACTCTGCGCCGCCGCCATTACCATGAGCGATAACAGCGCCGCCAATCTGCTGCTGGCCACCGTCGGCGGCCCCGCAGGATTGACTGCCTTTTTGCGCCAGATCGGCGACAACGTCACCCGCCTTGACCGCTGGGAAACGGAACTGAATGAGGCGCTTCCCGGCGACGCCCGCGACACCACTACCCCGGCCAGCATGGCCGCGACCCTGCGCAAGCTGCTGACCAGCCAGCGTCTGAGCGCCCGTTCGCAACGGCAGCTGCTGCAGTGGATGGTGGACGATCGGGTCGCCGGACCGTTGATCCGCTCCGTGCTGCCGGCGGGCTGGTTTATCGCCGATAAGACCGGAGCTGGCGAGCGGGGTGCGCGCGGCATTGTCGCCCTGCTTGGCCCGAATAACAAAGCAGAGCGCATTGTGGTGATTTATCTGCGGGATACGCCGGCGAGCATGGCCGAGCGAAATCAGCAAATCGCCGGGATCGGCGCGGCGCTGATCGAGCACTGGCAACAA
164__SHV-OKP-LEN_Bla__SHV-149__1718	SHV-149	Beta-lactam	JX121116		ATGCGTTATATTCGCCTGTGTATTATCTCCCTGTTAGCCACCCTGCCGCTGGCGGTACACGCCAGCCCGCAGCCGCTTGAGCAAATTAAACTAAGCGAAAGCCGGCTGTCGGGCAGCGTAGGCATGATAGAAATGGATCTGGCCAGCGGCCGCACGCTGACCGCCTGGCGCGCCGATGAACGCTTTCCCATGATGAGCACCTTTAAAGTAGTGCTCTGCGGCGCAGTGCTGGCGCGGGTGGATGCCGGTGACGAACAGCTGGAGCGAAAGATCCACTATCGCCAGCAGGATCTGGTGGACTACTCGCCGGTCAGCGAAAAACACCTTGCCGACGGCATGACGGTCGGCGAACTCTGCGCCGCCGCCATTACCATGAGCGATAACAGCGCCGCCAATCTGCTGCTGGCCACCGTCGGCGGCCCCGCAGGATTGACTGCCTCTTTGCGCCAGATCGGCGACAACGTCACCCGCCTTGACCGCTGGGAAACGGAACTGAATGAGGCGCTTCCCGGCGACGCCCGCGACACCACTACCCCGGCCAGCATGGCCGCGACCCTGCGCAAGCTGCTGACCAGCCAGCGTCTGAGCGCCCGTTCGCAACGGCAGCTGCTGCAGTGGATGGTGGACGATCGGGTCGCCGGACCGTTGATCCGCTCCGTGCTGCCGGCGGGCTGGTTTATCGCCGATAAGACCGGAGCTGGCGAGCGGGGTGCGCGCGGCATTGTCGCCCTGCTTGGCCCGAATAACAAAGCAGAGCGCATTGTGGTGATTTATCTGCGGGATACGCCGGCGAGCATGGCCGAGCGAAATCAGCAAATCGCCGGGATCGGCGCGGCGCTGATCGAGCACTGGCAACGC
164__SHV-OKP-LEN_Bla__SHV-150__3131	SHV-150	Beta-lactam	JX121117		ATGCGTTATATTCGCCTGTGTATTATCTCCCTGTTAGCCACCCTGCCGCTGGCGGTACACGCCAGCCCGCAGCCGCTTGAGCAAATTAAACTAAGCGAAAGCCAGCTGTCGGGCCGCGTAGGCATGATAGAAATGGATCTGGCCAGCGGCCGCACGCTGACCGCCTGGCGCGCCGATGAACGCTTTCCCATGATGAGCACCTTTAAAGTAGTGCTCTGCGGCGCAGTGCTGGCGCGGGTGGATGCCGGTGACGAACAGCTGGAGCGAAAGATCCACTATCGCCAGCAGGATCTGGTGGACTACTCGCCGGTCAGCGAAAAACACCTTGCCGACGGCATGACGGTCGGCGAACTCTGTGCCGCCGCCATTACCATGAGCGATAACAGCGCCGCCAATCTGCTGCTGGCCACCGTCGGCGGCCCCGCAGGATTGACTGCCTTTTTGCGCCAGATCGGCGACAACGTCACCCGCCTTGACCGCTGGGAAACGGAACTGAATGAGGCGCTTCCCGGCGACGCCCGCGACACCACTACCCCGGCCAGCATGGCCGCGACCCTGCGCAAGCTGCTGACCAGCCAGCGTCTGAGCGCCCGTTCGCAACGGCAGCTGCTGCAGTGGATGGTGGACGATCGGGTCGCCGGACCGTTGATCCGCTCCGTGCTGCCGGCGGGCTGGTTTATCGCCGATAAGACCGGAGCTGGCGAGCGGGGTGCGCGCGGCATTGTCGTCCTGCTTGGCCCGAATAACAAAGCAGAGCGCATTGTGGTGATTTATCTGCGGGATACGCCGGCGAGCATGGCCGAGCGAAATCAGCAAATCGCCGGGATCGGCGCGGCGCTGATCGAGCACTGGCAACGC
164__SHV-OKP-LEN_Bla__SHV-151__2637	SHV-151	Beta-lactam	JX121118		ATGCGTTATATTCGCCTGTGTATTATCTCCCTGTTAGCCACCCTGCCGCTGGCGGTACACGCCAGCCCGCAGCCGCTTGAGCAAATTAAACTAAGCGAAAGCCAGCCGTCGGGCAGCGTAGGCATGATAGAAATGGATCTGGCCAGCGGCCGCACGCTGACCGCCTGGCGCGCCGATGAACGCTTTCCCATGATGAGCACCTTTAAAGTAGTGCTCTGCGGCGCAGTGCTGGCGCGGGTGGATGCCGGTGACGAACAGCTGGAGCGAAAGATCCACTATCGCCAGCAGGATCTGGTGGACTACTCGCCGGTCAGCGAAAAACACCTTGCCGACGGCATGACGGTCGGCGAACTCTGTGCCGCCGCCATTACCATGAGCGATAACAGCGCCGCCAATCTGCTGCTGGCCACCGTCGGCGGCCCCGCAGGATTGACTGCCTTTTTGCGCCAGATCGGCGACAACGTCACCCGCCTTGACCGCTGGGAAACGGAACTGAATGAGGCGCTTCCCGGCGACGCCCGCGACACCACTACCCCGGCCAGCATGGCCGCGACCCTGCGCAAGCTGCTGACCAGCCAGCGTCTGAGCGCCCGTTCGCAACGGCAGCTGCTGCAGTGGATGGTGGACGATCGGGTCGCCGGACCGTTGATCCGCTCCGTGCTGCCGGCGGGCTGGTTTATCGCCGATAAGACCGGAGCTGGCGAGCGGGGTGCGCGCGGCATTGTCGCCCTGCTTGGCCCGAATAACAAAGCAGAGCGCATTGTGGTGATTTATCTGCGGGATACGCCGGCGAGCATGGCCGAGCGAAATCAGCAAATCGCCGGGATCGGCGCGGCGCTGATCGAGCACTGGCAACGC
164__SHV-OKP-LEN_Bla__SHV-152__2370	SHV-152	Beta-lactam	JX121119		ATGCGTTATATTCGCCTGTGTATTATCTCCCTGTTAGCCACCCTGCCGCTGGCGGTACACGCCAGCCCGCAGCCGCTTGAGCAAATTAAACTAAGCGAAAGCCAGCTGTCGGGCCGCGTAGGCATGATAGAAATGGATCTGGCCAGCGGCCGCACGCTGACCGCCCGGCGCGCCGATGAACGCTTTCCCATGATGAGCACCTTTAAAGTAGTGCTCTGCGGCGCAGTGCTGGCGCGGGTGGATGCCGGTGACGAACAGCTGGAGCGAAAGATCCACTATCGCCAGCAGGATCTGGTGGACTACTCGCCGGTCAGCGAAAAACATCTTGCCGACGGCATGACGGTCGGCGAACTCTGCGCCGCCGCCATTACCATGAGCGATAACAGCGCCGCCAATCTGCTGCTGGCCACCGTCGGCGGCCCCGCAGGATTGACTGCCTTTTTGCGCCAGATCGGCGACAACGTCACCCGCCTTGACCGCTGGGAAACGGAACTGAATGAGGCGCTTCCCGGCGACGCCCGCGACACCACTACCCCGGCCAGCATGGCCGCGACCCTGCGCAAGCTGCTGACCAGCCAGCGTCTGAGCGCCCGTTCGCAACGGCAGCTGCTGCAGTGGATGGTGGACGATCGGGTCGCCGGACCGTTGATCCGCTCCGTGCTGCCGGCGGGCTGGTTTATCGCCGATAAGACCGGAGCTAGCGAGCGGGGTGCGCGCGGGATTGTCGCCCTGCTTGGCCCGAATAACAAAGCAGAGCGCATTGTGGTGATTTATCTGCGGGATACCCCGGCGAGCATGGCCGAGCGAAATCAGCAAATCGCCGGGATCGGCGCGGCGCTGATCGAGCACTGGCAACGC
164__SHV-OKP-LEN_Bla__SHV-153__2241	SHV-153	Beta-lactam	JX121120		ATGCGTTATATTCGCCTGTGTATTATCTCCCTGTTAGCCACCCTGCCGCTGGCGGTACACGCCAGCCCGCAGCCGCTTGAGCAAATTAAACTAAGCGAAAGCCAGCTGTCGGGCCGCGTAGGCATGATAGAAATGGATCTGGCCAGCGGCCGCACGCTGACCGCCTGGCGCGCCGATGAACGCTTTCCCATGATGAGCACCTTTAAAGTAGTGCTCTGCGGCGCAGTGCTGGCGCGGGTGGATGCCGGTGACGAACAGCTGGAGCGAAAGATCCACTATCGCCAGCAGGATCTGGTGGACTACTCGCCGGTCAGCGAAAAACACCTTGCCGACGGCATGACGGTCGGCGAACTCTGCGCCGCCGCCATTACCATGAGCGATAACAGCGCCGCCAATCTGCTACTGGCCACCGTCGGCGGCCCCGCAGGATTGACTGCCTTTTTGCGCCAGATCGGCGACAACGTCACCCGCCTTGACCGCTGGGAAACGGAACTGAATGAGGCGCTTCCCGGCGACGCCCGCGACACCACTACCCCGGCCAGCATGGCCGCGACCCTGCGCAAGCTGCTGACCAGCCAGCGTCTGAGCGCCCGTTCGCAACGGCAGCTGCTGCAGTGGATGGTGGACGATCGGGTCGCCGGACCGTTGATCCGCTCCGTGCTGCCGGCGGGCTGGTTTATCGCCGATAAGACCGGAGCTAGCGAGCGGGGTGCGCGCGGGATTGTCGCCCTGCTTGGCCCGAATAACAAAGCAGAGCGCATTGTGGTGATTTATCTGCGGGATACCCCGGCGAGCATGGTCGAGCGAAATCAGCAAATCGCCGGGATCGGCGCGGCGCTGATCGAGCACTGGCAACGC
164__SHV-OKP-LEN_Bla__SHV-154__3974	SHV-154	Beta-lactam	JX121121		ATGCGTTATATTCGCCTGTGTATTATCTCCCTGTTAGCCACCCTGCCGCTGGCGGTACACGCCAGCCCGCAGCCGCTTGAGCAAATTAAACTAAGCGAAAGCCAGCTGTCGGGCAGCGTAGGCATGATAGAAATGGATCTGGCCAGCGGCCGCACGCTGACCGCCTGGCGCGCCGATGAACGCTTTCCCATGATGAGCACCTTTAAAGTAGTGCTCTGCGGCGCAGTGCTGGCGCGGGTGGATGCCGGTGACGAACAGCTGGAGCGAAAGATCCACTATCGCCAGCAGGATCTGGTGGACTACTCGCCGGTCAGCGAAAAACACCTTGCCGACGGCATGACGGTCGGCGAACTCTGCGCCGCCGCCATTACCATGAGCGATAACAGCGCCGCCAATCTGCTGCTGGCCACCGTCGGCGGCCCCGCAGGATTGACTGCCTTTTTGCGCCAGATCGGCGACAACGTCACCCGCCTTGACCGCTGGGAAACGGAACTGAATGAGGCGCTTCCCGGCGACGCCCGCGACACCACTACCCCGGCCAGCATGGCCGCGACCCTGCGCAAGCTGCTGACCAGCCAGCGTCTGAGCGCCCGTTCGCAACGGCAGCTGCTGCAGTGGATGGTGGACGATCGGGTCGCCGGACCGTTGATCCGCTCCGTGCTGCCGGCGGGCTGGTTTATCGCCGATAAGACCGGAGCTAGCAAACGGGGTGCGCGCGGGATTGTCGCCCTGCTTGGCCCGAATAACAAAGCAGAGCGGATTGTGGTGATTTATCTGCGGGATACGCCGGCGAGCATGGCCGAGCGAAATCAGCAAATCGCCGGGATCGGCGCGGCGCTGATCGAGCACTGGCAACGC
164__SHV-OKP-LEN_Bla__SHV-155__2843	SHV-155	Beta-lactam	JX121122		ATGCGTTATATTCGCCTGTGTATTATCTCCCTGTTAGCCACCCTGCCGCTGGCGGTACACGCCAGCCCGCAGCCGCTTGAGCAAATTAAACAAAGCGAAAGCCAGCTGTCGGGCCGCGTAGGCATGATAGAAATGGATCTGGCCAGCGGCCGCACGCTGACCGCCTGGCGCGCCGATGAACGCTTTCCCATGATGAGCACCTTTAAAGTAGTGCTCTGCGGCGCAGTGCTGGCGCGGGTGGATGCCGGTGACGAACAGCTGGAGCGAAAGATCCACTATCGCCAGCAGGATCTGGTGGACTACTCGCCGGTCAGCGAAAAACACCTTGCCGACGGCATGACGGTCGGCGAACTCTGCGCCGCCGCCATTACCATGAGCGATAACAGCGCCGCCAATCTGCTGCTGGCCACCGTCGGCGGCCCCGCAGGATTGACTGCCTTTTTGCGCCAGATCGGCGACAACGTCACCCGCCTTGACCGCTGGGAAACGGAACTGAATGAGGCGCTTCCCGGCGACGCCCGCGACACCACTACCCCGGCCAGCATGGCCGCGACCCTGCGCAAGCTGCTGACCAGCCAGCGTCTGAGCGCCCGTTCGCAACGGCAGCTGCTGCAGTGGATGGTGGACGATCGGGTCGCCGGACCGTTGATCCGCTCCGTGCTGCCGGCGGGCTGGTTTATCGCCGATAAGACCGGAGCTGGCGAACGGGGTGCGCGCGGGATTGTCGCCCTGCTTGGCCCGAATAACAAAGCAGAGCGCATTGTGGTGATTTATCTGCGGGATACGCCGGCGAGTATGGCCGAGCGAAATCAGCAAATCGCCGGGATCGGCGCGGCGCTGATCGAGCACTGGCAACAA
164__SHV-OKP-LEN_Bla__SHV-158__2443	SHV-158	Beta-lactam	JX121125		ATGCGTTATATTCGCCTGTGTATTATCTCCCTGTTAGCCACCCTGCCGCTGGCGGTACACGCCAGCCCGCAGCCGCTTGAGCAAATTAAACAAAGCGAAAGCCAGCTGTCGGGCCGCGTAGGCATGATAGAAATGGATCTGGCCAGCGGCCGCACGCTGGCCGCCTGGCGCGCCGATGAACGCTTTCCCATGATGAGCACCTTTAAAGTAGTGCTCTGCGGCGCAGTGCTGGCGCGGGTGGATGCCGGTGACGAACAGCTGGAGCGAAAGATCCACTATCGCCAGCAGGATCTGGTGGACTACTCGCCGGTCAGCGAAAAACATCTTGCCGACGGCATGACGGTCGGCGAACTCTGCGCCGCCGCCATTACCATGAGCGATAACAGCGCCGCCAATCTGCTGCTGGCCACCGTCGGCGGCCCCGCAGGATTGACTGCCTTTTTGCGCCAGATCGGCGACAACGTCACCCGCCTTGACCGCTGGGAAACGGAACTGAATGAGGCGCTTCCCGGCGACGCCCGCGACACCACTACCCCGGCCAGCATGGCCGCGACCCTGCGCAAGCTGCTGACCAGCCAGCGTCTGAGCGCCCGTTCGCAACGGCAGCTGCTGCAGTGGATGGTGGACGATCGGGTCGCCGGACCGTTGATCCGCTCCGTGCTGCCGGCGGGCTGGTTTATCGCCGATAAGACCGGAGCTGGCGAACGGGGTGCGCGCGGGATTGTCGCCCTGCTTGGCCCGAATAACAAAGCAGAGCGCATTGTGGTGATTTATCTGCGGGATACGCCGGCGAGTATGGCCGAGCGAAATCAGCAAATCGCCGGGATCGGCGCGGCGCTGATCGAGCACTGGCAACGC
164__SHV-OKP-LEN_Bla__SHV-159__2253	SHV-159	Beta-lactam	JX121126		ATGCGTTATATTCGCCTGTGTATTATCTCCCTGTTAGCCACCCTGCCGCTGGCGGTACACGCCAGCCCGCAGCCGCTTGAGCAAATTAAACAAAGCGAAAGCCAGCTGTCGGGCCGCGTAGGCATGATAGAAATGGATCTGGCCAGCGGCCGCACGCTGACCGCCTGGCGCGCCGATGAACGCTTTCCCATGATGAGCACCTTTAAAGTAGTGCTCTGCGGCGCAGTGCTGGCGCGGGTGGATGCCGGTGACGAACAGCTGGAGCGAAAGATCCACTATCGCCAGCAGGATCTGGTGGACTACTCGCCGGTCAGCGAAAAACATCTTGCCGACGGCATGACGGTCGGCGAACTCTGCGCCGCCGCCATTACCATGAGCGATAACAGCGCCGCCAATCTGCTGCTGGCCACCGTCGGCGGCCCCGCAGGATTGACTGCCTTTTTGCGCCAGATCGGCGACAACGTCACCCGCCTTGACCGCTGGGAAACGGAACTGAATGAGGCGCTTCCCGGCGACGCCCGCGACACCACTACCCCGGCCAGCATGGCCGCGACCCTGCGCAAGCTGCTGACCAGCCAGCGTCTGAGCGCCCGTTCGCAACGGCAGCTGCTGCAGTGGATGGTGGGCGATCGGGTCGCCGGACCGTTGATCCGCTCCGTGCTGCCGGCGGGCTGGTTTATCGCCGATAAGACCGGAGCTGGCGAACGGGGTGCGCGCGGGATTGTCGCCCTGCTTGGCCCGAATAACAAAGCAGAGCGCATTGTGGTGATTTATCTGCGGGATACGCCGGCGAGTATGGCCGAGCGAAATCAGCAAATCGCCGGGATCGGCGCGGCGCTGATCGAGCACTGGCAACGC
164__SHV-OKP-LEN_Bla__SHV-162__522	SHV-162	Beta-lactam	JX121129		ATGCGTTATATTCGCCTGTGTATTATCTCCCTGTTAGCCACCCTGCCGCTGGCGGTACACGCCAGCCCGCAGCCGCTTGAGCAAATTAAACTAAGCGAAAGCCAGCTGTCGGGCAGCGTAGGCATGGTAGAAATGGATCTGGCCAGCGGCCGCACGCTGACCGCCTGGCGCGCCGATGAACGCTTTCCCATGATGAGCACCTTTAAAGTAGTGCTCTGCGGCGCAGTGCTGGCGCGGGTGGATGCCGGTGACGAACAGCTGGAGCGAAAGATCCACTATCGCCAGCAGGATCTGGTGGACTACTCGCCGGTCAGCGAAAAACACCTTGCCGACGGCATGACGGTCGGCGAACTCTGTGCCGCCGCCATTACCATGAGCGATAACAGCGCCGCCAATCTGCTGCTGGCCACCGTCGGCGGCCCCGCAGGATTGACTGCCTTTTTGCGCCAGATCGGCGACAACGTCACCCGCCTTGACCGCTGGGAAACGGAACTGAATGAGGCGCTTCCCGGCGACGCCCGCGACACCACTACCCCAGCCAGCATGGCCGCGACCCTGCGCAAGCTGCTGACCAGCCAGCGTCTGAGCGCCCGTTCGCAACGGCAGCTGCTGCAGTGGATGGTGGACGATCGGGTCGCCGGACCGTTGATCCGCTCCGTGCTGCCGGCGGGCTGGTTTATCGCCGATAAGACCGGAGCTAGCGAACGGGGTGCGCGCGGGATTGTCGCCCTGCTTGGCCCGAATAACAAAGCAGAGCGGATTGTGGTGATTTATCTGCGGGATACGCCGGCGAGCATGGCCGAGCGAAATCAGCAAATCGCCGGGATCGGCGCGGCGCTGATCGAGCACTGGCAACGC
164__SHV-OKP-LEN_Bla__SHV-163__2555	SHV-163	Beta-lactam	JX121130		ATGCGTTATATTCGCCTGTGTATTATCTCCCTGTTAGCCACCCTGCCGCTGGCGGTACACGCCAGCCCGCAGCCGCTTGAGCAAATTAAACTAAGCGAAAGCCAGCTGTCGGGCAGCGTAGGCATGATAGAAATGGATCTGGCCAGCGGCCGCACGCTGACCGCCTGGCGCGCCGATGAACGCTTTCCCATGATGAGCACCTTTAAAGTAGTGCTCTGCGGCGCAGTGCTGGCGCGGGTGGATGCCGGTGACGAACAGCTGGAGCGAAAGATCCACTATCGCCAGCAGGATCTGGTGGACTACTCGCCGGTCAGCGAAAAACACCTTGCCGACGGCATGACGGTCGGCGAACTCTGTGCCGCCGCCATTACCATGAGCGATAACAGCGCCGCCAATCTGCTGCTGGCCACCGTCGGCGGCCCCGCAGGATTGACTGCCTTTTTGCGCCAGATCGGCGACAACGTCACCCGCCTTGACCGCTGGGAAACGGAACTGAATGAGGCGCTTCCCGGCGACGCCCGCGACACCACTACCCCGGCCAGCATGGCCGCGACCCTGCGCAAGCTGCTGACCAGCCAGCGTCTGAGCGCCCGTTCGCAACGGCAGCTGCTGCAGTGGATGGTGGACGATCGGGTCGCCGGACCGTTGATCCGCTCCGTGCTGCCGGCGGGCTGGTTTATCGCCGATAAGACCGGAGCTAGCGAACGGGGTGCGCGCGGGATTGTCGCCCTGCTTGGCCCGAATAACAAAGCAGAGCGGATTGTGGTGATTTATCTGCGGGATACGCCGGCGAGCATGGCCGAGCGAAATCAGCAAATCGCCGGGATCGGCGCGGCGCTGATCGAGCACTGGCAACAA
164__SHV-OKP-LEN_Bla__SHV-165__3944	SHV-165	Beta-lactam	JX121131		ATGCGTTATATTCGCCTGTGTATTATCTCCCTGTTAGCCCCCCTGCCGCTGGCGGTACACGCCAGCCCGCAGCCGCTTGAGCAAATTAAACTAAGCGAAAGCCAGCTGTCGGGCCGCGTAGGCATGATAGAAATGGATCTGGCCAGCGGCCGCACGCTGACCGCCTGGCGCGCCGATGAACGCTTTCCCATGATGAGCACCTTTAAAGTAGTGCTCTGCGGCGCAGTGCTGGCGCGGGTGGATGCCGGTGACGAACAGCTGGAGCGAAAGATCCACTATCGCCAGCAGGATCTGGTGGACTACTCGCCGGTCAGCGAAAAACACCTTGCCGACGGCATGACGGTCGGCGAACTCTGCGCCGCCGCCATTACCATGAGCGATAACAGCGCCGCCAATCTGCTACTGGCCACCGTCGGCGGCCCCGCAGGATTGACTGCCTTTTTGCGCCAGATCGGCGACAACGTCACCCGCCTTGACCGCTGGGAAACGGAACTGAATGAGGCGCTTCCCGGCGACGCCCGCGACACCACTACCCCGGCCAGCATGGCCGCGACCCTGCGCAAGCTGCTGACCAGCCAGCGTCTGAGCGCCCGTTCGCAACGGCAGCTGCTGCAGTGGATGGTGGACGATCGGGTCGCCGGACCGTTGATCCGCTCCGTGCTGCCGGCGGGCTGGTTTATCGCCGATAAGACCGGAGCTAGCAAGCGGGGTGCGCGCGGGATTGTCGCCCTGCTTGGCCCGAATAACAAAGCAGAGCGCATTGTGGTGATTTATCTGCGGGATACCCCGGCGAGCATGGCCGAGCGAAATCAGCAAATCGCCGGGATCGGCGCGGCGCTGATCGAGCACTGGCAACGC
164__SHV-OKP-LEN_Bla__SHV-167__2845	SHV-167	Beta-lactam	AB733453		ATGCGTTATATTCGCCTGTGTATTATCTCCCTGTTAGCCACCCTGCCGCTGGCGGTACACGCCAGCCCGCAGCCGCTTGAGCAAATTAAACTAAGCGAAAGCCAGCTGTCGGGCCGCGTAGGCATGATAGAAATGGATCTGGCCAGCGGCCGCACGCTGACCGCCTGGCGCGCCGATGAACGCTTTCCCATGATGAGCACCTTTAAAGTAGTGCTCTGCGGCGCAGTGCTGGCGCGGGTGGATGCCGATGACGAACAGCTGGAGCGAAAGATCCACTATCGCCAGCAGGATCTGGTGGACTACTCGCCGGTCAGCGAAAAATACCTTGCCGACGGCATGACGGTCGGCGAACTCTGTGCCGCCGCCATTACCATGAGCGATAACAGCGCCGCCAATCTGCTGCTGGCCACCGTCGGCGGCCCCGTAGGATTGACTGCCTTTTTGCGCCAGATCGGCGACAACGTCACCCGCCTTGACCGCTGGGAAACGGAACTGAATGAGGCGCTTCCCGGCGACGCCCGCGACACCACTACCCCGGCCAGCATGGCCGCGACCCTGCGCAAGCTGCTGACCAGCCAGCGTCTGAGCGCCCGTTCGCAACGGCAGCTGCTGCAGTGGATGGTGGACGATCGGGTCGCCGGACCGTTGATCCGCTCCGTGCTGCCGGCGGGCTGGTTTATCGCCGATAAGACCGGAGCTGGCGAACGGGGTGCGCGCGGGATTGTCGCCCTGCTTGGCCCGAATAACAAAGCAGAGCGCATTGTGGTGATTTATCTGCGGGATACCCCGGCGAGCATGGCCGAGCGAAATCAGCAAATCGCCGGGATCGGCGCGGCGCTGATCGAG
164__SHV-OKP-LEN_Bla__SHV-39__3913	SHV-39	Beta-lactam	AY150585		GCGCTTCCCGGCGACGCCCGCGACACCACTACCCCGGCCAGCATGGCCGCGACCCTGCGCAAGCTGCTGACCAGCCAGCGTCTGAGCGCCCGTTCGCAACGGCAGCTGCTGCAGTGGATGGTGGACGATCGGGTCGCCGGACCGTTGATCCGCTCCGTGCTGCCGGCGGGCTGGTTTATCGCCGATAAGACCGGAGCTAGCGAGCGGGGTGCGCGCGGGATTGTCGCCCTGCTTGGCCCGAATAACAAAGCAGAGCGCATTGTGGTGATTTATCTGCGGGATTCC
164__SHV-OKP-LEN_Bla__SHV-6__3814	SHV-6	Beta-lactam	Y11069		CTGTTAGCCACCCTGCCGCTGGCGGTACACGCCAGCCCGCAGCCGCTTGAGCAAATTAAACTAAGCGAAAGCCAGCTGTCGGGCCGCGTAGGCATGATAGAAATGGATCTGGCCAGCGGCCGCACGCTGACCGCCTGGCGCGCCGATGAACGCTTTCCCATGATGAGCACCTTTAAAGTAGTGCTCTGCGGCGCAGTGCTGGCGCGGGTGGATGCCGGTGACGAACAGCTGGAGCGAAAGATCCACTATCGCCAGCAGGATCTGGTGGACTACTCGCCGGTCAGCGAAAAACACCTTGCCGACGGCATGACGGTCGGCGAACTCTGCGCCGCCGCCATTACCATGAGCGATAACAGCGCCGCCAATCTGCTACTGGCCACCGTCGGCGGCCCCGCAGGATTGACTGCCTTTTTGCGCCAGATCGGCGACAACGTCACCCGCCTTGACCGCTGGGAAACGGAACTGAATGAGGCGCTTCCCGGCGACGCCCGCGCCACCACTACCCCGGCCAGCATGGCCGCGACCCTGCGCAAGCTGCTGACCAGCCAGCGTCTGAGCGCCCGTTCGCAACGGCAGCTGCTGCAGTGGATGGTGGACGATCGGGTCGCCGGACCGTTGATCCGCTCCGTGCTGCCGGCGGGCTGGTTTATCGCCGATAAGACCGGAGCTGGCGAGCGGGGTGCGCGCGGGATTGTCGCCCTGCTTGGCCCGAATAACAAAGCAGAGCGCATTGTGGTGATTTATCTGCGGGATACCCCGGCGAGCATGGCCGAGCGAAAT
164__SHV-OKP-LEN_Bla__SHV-84__2503	SHV-84	Beta-lactam	AM087453		ATGCGTTATATTCGCCTGTGTATTATCTCCCTGTTAGCCACCCTGCCGCTGGCGGTACACGCCAGCCCGCAGCCGCTTGAGCAAATTAAACTAAGCGAAAGCCAGCTGTCGGGCCGCGTAGGCATGATAGAAATGGATCTGGCCAGCGGCCGCACGCTGACCGCCTGGCGCGCCGATGAACGCTTTCCCATGATGAGCACCTTTAAAGTAGTGCTCTGCGGCGCAGTGCTGGCGCGGGTGGATGCCGGTGACGAACAGCTGGAGCGAAAGATCCACTATCGCCAGCAGGATCTGGTGGACTACTCGCCGGTCAGCGAAAAACACCTTGCCGACGGCATGACGGTCGGCGAACTCTGCGCCGCCGCCATTACCATGAGCGATAACAGCGCCGCCAATCTGCTACTGGCCACCGTCGGCGGCCCCGCAGGATTGACTGCCTTTTTGCGCCAGATCGGCGACAACGTCACCCGCCTTGACCGCTGGGAAACGGAACTGAATGAGGCGCTTCCCGGCGACGCCCGCGACACCACTACCCCGGCCAGCATGGCCGCGACCCTGCGCAAGCTGCTGACCAGCCAGCGTCTGAGCGCCCGTTCGCAACGGCAGCTGCTGCAGTGGATGGTGGACGATCGGGTCGCCGGACCGTTGATCCGCTCCGTGCTGCCGGCGGGCTGGTTTATCGCCGATAGGACCGGAGCTGGCGAGCGGGGTGCGCGCGGGATTGTCGCCCTGCTTGGCCCGAATAACAAAGCAGAGCGCATTGTGGTGATTTATCTGCGGGATACCCCAGCGAGCATGGCCGAGCGAAATCAGCAAATCGCCGGGATCGGC
184__KPC-1_Bla__KPC-9__290	KPC-9	Beta-lactam	FJ624872		CGTCTAGTTCTGCTGTCTTGTCTCTCATGGCCGCTGGCTGGCTTTTCTGCCACCGCGCTGACCAACCTCGTCGCGGAACCATTCGCTAAACTCGAACAGGACTTTGGCGGCTCCATCGGTGTGTACGCGATGGATACCGGCTCAGGCGCAACTGTAAGTTACCGCGCTGAGGAGCGCTTCCCACTGTGCAGCTCATTCAAGGGCTTTCTTGCTGCCGCTGTGCTGGCTCGCAGCCAGCAGCAGGCCGGCTTGCTGGACACACCCATCCGTTACGGCAAAAATGCGCTGGTTCCGTGGTCACCCATCTCGGAAAAATATCTGACAACAGGCATGACGGTGGCGGAGCTGTCCGCGGCCGCCGTGCAATACAGTGATAACGCCGCCGCCAATTTGTTGCTGAAGGAGTTGGGCGGCCCGGCCGGGCTGACGGCCTTCATGCGCTCTATCGGCGATACCACGTTCCGTCTGGACCGCTGGGAGCTGGAGCTGAACTCCGCCATCCCAGGCGATGCGCGCGATACCTCATCGCCGCGCGCCGTGACGGAAAGCTTACAAAAACTGACACTGGGCTCTGCACTGGCTGCGCCGCAGCGGCAGCAGTTTGTTGATTGGCTAAAGGGAAACACGACCGGCAACCACCGCATCCGCGCGGCGGTGCCGGCAGACTGGGCAGTCGGAGACAAAACCGGAACCTGCGGAGCGTATGGCACGGCAAATGACTATGCCGTCGTCTGGCCCACTGGGCGCGCACCTATTGTGTTGGCCGTCTACACCCGGGCGCCTAACAAGGATGACAAGTACAGCGAGGCCGTCATCGCCGCTGCGGCTAGACTCGCGCTCGAGGGATTGGGC
190__CTX-M-9_Bla__CTX-M-106__2586	CTX-M-106	Beta-lactam	HQ913565		ATGGTGACAAAGAGAGTGCAACGGATGATGTTCGCGGCGGCGGCGTGCATTCCGCTGCTGCTGGGCAGCGCGCCGCTTTATGCGCAGACGAGTGCGGTGCAGCAAAAGCTGGCGGCGCTGGAGAAAAGCAGCGGAGGGCGGCTGGGCGTCGCGCTCATCGATACCGCAGATAATACGCAGGTGCTTTATCGCGGTGATGAACGCTTTCCAATGTGCAGTACCAGTAAAGTTATGGCGGCCGCGGCGGTGCTTAAGCAGAGTGAAACGCAAAAGCAGCTGCTTAATCAGCCTGTCGAGATCAAGCCTGCCGATCTGGTTAACTACAATCCGATTGCCGAAAAACACGTCAACGGCACAATGACGCTGGCAGAACTGAGCGCGGCCGCGTTGCAGTACAGCGACAATACCGCCATGAACAAATTGATTGCCCAGCTCGGTGGCCCGGGAGGCGTGACGGCTTTTGCCCGCGCGATCGGCGATGAGACGTTTCGTCTGGATCGCACTGAACCTACGCTGAATACCGCCATTCCCGGCGACCCGAGAGACACCACCACGCCGCGGGCGATGGCGCAGACGTTGCGTCAGCTTACGCTGGGTCATGCGCTGGGCGAAACCCAGCGGGCGCAGTTGGTGACGTGGCTCAAAGGCAATACGACCGGCGCAGCCAGCATTCGGGCCGGCTTACCGACGTCGTGGACTGTGGGTGATAGGACCGGCAGCGGCGACTACGGCACCACCAATGATATTGCGGTGATCTGGCCGCAGGGTCGTGCGCCGCTGGTTCTGGTGACCTATTTTACCCAGCCGCAACAGAACGCAGAGAGCCGCCACGATGTGCTGGCTTCAGCGGCGAGAATCATCGCCGAAGGG
190__CTX-M-9_Bla__CTX-M-110__2496	CTX-M-110	Beta-lactam	JF274242		ATGGTGACAAAGAGAGTGCAACGGATGATGTTCGCGGCGGCGGCGTGCATTCCGCTGCTGCTGGGCAGCGCGCCGCTTTATGCGCAGACGAGTGCGGTGCAGCAAAAGCTGGCGGCGCTGGAGAAAAGCAGCGGAGGGCGGCTGGGCGTCGCGCTCATCGATACCGCAGATAATACGCAGGTGCTTTATCGCGGTGATGAACGCTTTCCAATGTGCAGTACCAGTAAAGTTATGGCGGCCGCGGCGGTGCTTAAGCAGAGTGAAACGCAAAAGCAGCTGCTTAATCAGCCTGTCGAGATCAAGCCTGCCGATCTGGTTAACTACAATCCGATTGCCGAAGAACACGTCAACGGCACAATGACGCTGGCAGAACTGAGCGCGGCCGCGTTGCAGTACAGCGACAATACCGCCATGAACAAATTGATTGCCCAGCTCGGTGGCCCGGGAGGCGTGACGGCTTTTGCCCGCGCGATCGGCGATGAGACGTTTCGTCTGGATCGCACTGAACCTACGCTGAATACCGCCATTCCCGGCGACCCGAGAGACACCACCACGCCGCGGGCGATGGCGCAGACGTTGCGTCAGCTTACGCTGGGTCATGCGCTGGGCGAAACCCAGCGGGCGCAGTTGGTGACGTGGCTCAAAGGCAATACGACCGGCGCAGCCAGCATTCGGGCCGGCTTACCGACGTCGTGGACTGTGGGTGATAAGACCGGCAGCGGCGACTACGGCACCACCAATGATATTGCGGTGATCTGGCCGCAGGGTCGTGCGCCGCTGGTTCTGGTGACCTATTTTACCCAGCCGCAACAGAACGCAGAGAGCCGCCGCGATGTGCTGGCTTCAGCGGCGAGAATCATCGCCGAAGGGAATCTCT
193__CTX-M-1_Bla__CTX-M-108__2827	CTX-M-108	Beta-lactam	JF274245		GTTAAAAAATCACTGCGTCAGTTCACGCTGATGGCGACGGCAACCGTCACGCTGTTGTTAGGAAGTGTGCCGCTGTATGCGCAAACGGCGGACGTACAGCAAAAACTTGCCGAATTAGAGCGGCAGTCGGGAGGCAGACTGGGTGTGGCATTGATTAACACAGCAGATAATTCGCAAATACTTTATCGTGCTGATGAGCGCTTTGCGATGTGCAGCACCAGTAAAGTGATGGCCGCGGCCGCGGTGCTGAAGAAAAGTGAAAGCGAACCGAATCTGTTAAATCAGCGAGCTGAGATCAAAAAATCTGACCTTGTTAACTATAATCCGATTGCGGAAAAGCACGTCAATGGGACGATGTCACTGGCTGAGCTTAGCGCGGCCGCGCTACAGTACAGCGATAACGTGGCGATGAATAAGCTGATTGCTCACGTTGGCGGCCCGGCTAGCGTCACCGCGTTCGCCCGACAGCTGGGAGACGAAACGTTCCGTCTCGACCGTACCGAGCCGACGTTAAACACCGCCATTCCGGGCGATCCGCGTGATACCACTTCACCTCGGGCAATGGCGCAAACTCTGCGGAATCTGACGCTGGGTAAAGCATTGGGCGACAGCCAACGGGCGCAGCTGGTGACATGGATGAAAGGCAATACCACCGGTGCAGCGAGCATTCAGGCTGGACTGCCTGCTTCCTGGGTTGTGGGGGATAAAACCGGCAGCGGTGGCTATGGCACCACCAACGATATCGCGGTGATCTGGCCAAAAGATCGTGCGCCGCTGATTCTGGTCACTTACTTCACCCAGCCTCAACCTAAGGCAGAAAGCCGTCGCGATGTATTAGCGTCGGCGGCTAAAATCGTCACCA
193__CTX-M-1_Bla__CTX-M-109__2791	CTX-M-109	Beta-lactam	JF274248		GTTAAAAAATCACTGCGTCAGTTCACGCTGATGGCGACGGCAACCGTCACGCTGTTGTTAGGAAGTGTGCCGCTGTATGCGCAAACGGCGGACGTACAGCAAAAACTTGCCGAATTAGAGCGGCAGTCGGGAGGCAGACTGGGTGTGGCATTGATTAACACAGCAGATAATTCGCGAATACTTTATCGTGCTGATGAGCGCTTTGCGATGTGCAGCACCAGTAAAGTGATGGCCGCGGCCGCGGTGCTGAAGAAAAGTGAAAGCGAACCGAATCTGTTAAATCAGCGAGTTGAGATCAAAAAATCTGACCTTGTTAACTATAATCCGATTGCGGAAAAGCACGTCAATGGGACGATGTCACTGGCTGAGCTTAGCGCGGCCGCGCTACAGTACAGCGATAACGTGGCGATGAATAAGCTGATTGCTCACGTTGGCGGCCCGGCTAGCGTCACCGCGTTCGCCCGACAGCTGGGAGACGAAACGTTCCGTCTCGACCGTACCGAGCCGACGTTAAACACCGCCATTCCGGGCGATCCGCGTGATACCACTTCACCTCGGGCAATGGCGCAAACTCTGCGGAATCTGACGCTGGGTAAAGCATTGGGCGACAGCCAACGGGCGCAGCTGGTGACATGGATGAAAGGCAATACCACCGGTGCAGCGAGCATTCAGGCTGGACTGCCTGCTTCCTGGGTTGTGGGGGATAAAACCGGCAGCGGTGGCTATGGCACCACCAACGATATCGCGGTGATCTGGCCAAAAGATCGTGCGCCGCTGATTCTGGTCACTTACTTCACCCAGCCTCAACCTAAGGCAGAAAGCCGTCGCGATGTATTAGCGTCGGCGGCTAAAATCGTCACCAAA
193__CTX-M-1_Bla__CTX-M-11__2648	CTX-M-11	Beta-lactam	AY005110		ATGGTTAAAAAATCACTGCGCCAGTTCACGCTGATGGCGACGGCAACCGTCACGCTGTTGTTAGGAAGTGTGCCGCTGTATGCGCAAACGGCGGACGTACAGCAAAAACTTGCCGGATTAGAGCGGCAGTCGGGAGGCAGACTGGGTGTGGCATTGATTAACACAGCAGATAATTCGCAAATACTTTATCGTGCTGATGAGCGCTTTGCGATGTGCAGCACCAGTAAAGTGATGGCCGCGGCCGCGGTGCTGAAGAAAAGTGAAAGCGAACCGAATCTGTTAAATCAGCGAGTTGAGATCAAAAAATCTGACCTTGTTAACTATAATCCGATTGCGGAAAAGCACGTCAATGGGACGATGTCACCGGCTGAGCTTAGCGCGGCCGCGCTACAGTACAGCGATAACGTGGCGATGAATAAGCTGATTGCTCACGTTGGCGGCCCGGCTAGCGTCACCGCGTTCGCCCGACAGCTGGGAGACGAAACGTTCCGTCTCGACCGTACCGAGCCGACGTTAAACACCGCCATTCCGGGCGATCCGCGTGATACCACTTCACCTCGGGCAATGGCGCAAACTCTGCGGAATCTGACGCTGGGTAAAGCATTGGGCGACAGCCAACGGGCGCAGCTGGTGACATGGATGAAAGGCAATACCACCGGTGCAGCGAGCATTCAGGCTGGACTGCCCGCTTCCTGGGTTGTGGGGGATAAAACCGGCAGCGGTGACTATGGCACCACCAACGATATCGCGGTGATCTGGCCAAAAGATCGTGCGCCGCTGATTCTGGTCACTTACTTCACCCAGCCTCAACCTAAGGCAGAAAGCCGTCGCCATGTATTAGCGTCG
193__CTX-M-1_Bla__CTX-M-88__3653	CTX-M-88	Beta-lactam	FJ873739		ATGGTTAAAAAATCACTGCGCCAGTTCACGCTGATGGCGACGGCAACCGTCACGCTGTTGTTAGGAAGTGTGCCGCTGTATGCGCAAACGGCGGACGTACAGCAAAAACTTGCCGAATTAGAGCGGCAGTCGGGAGGCAGACTGGGTGTGGCATTGATTAACACAGCAGATAATTCGCAAATACTTTATCGTGCTGATGAGCGCTTTGCGATGTGCAGCACCAGTAAAGTGATGGCCGCGGCCGCGGTGCTGAAGAAAAGTGAAAGCGAACCGAATCTGTTAAATCAGCGAGTTGAGATCAAAAAATCTGACCTTGTTAACTATAATCCGATTGCGGAAAAGCACGTCAATGGGACGATGTCACTGGCTGAGCTTAGCGCGGCCGCGCTACAGTACAGCGATAACGTGGCGATGAATAAGCTGATTGCTCACGTTGGCGGCCCGGCTAGCGTCACCGCGTTCGCCCGACAGCTGGGAGACGAAACGTTCCGTCTCGACCGTACCGAGCCGACGTTAAACACCGCCATTCCGGGCGATCCGCGTGATACCACTTCACCTCGGGCAATGGCGCAAACTCTGCGGAATCTGACGCTGGGTAAAGCATTGGGCGACAGCCAACGGGCGCAGCTGGTGACATGGATGAAAGGCAATACCACCGGTGCAGCGAGCATTCAGGCTGGACTGCCTGCTTCCTGGGTTGTGGGGGATAAAACCGGCAGCGGTGGCTATGGCACCACCAACGATATCGCGGTGATCTGGCCAAAAGATCGTGCGCCGCTGATTCTGGTCACTTACTTCACCCAGCCTCAACCTAAGGCAGAAAGCCGTCACGATGTATTAGCGTCGGCGGCTAAAATCGTCACCGACGGTTTGTA
205__TEM-1D_Bla__TEM-117__2753	TEM-117	Beta-lactam	AY130282		TTTTTTGCGGCATTTTGCTTTCCTGTTTTTGCTCACCCAGAAACGCTGGTGAAAGTAAAAGATGCTGAAGATCAGTTGGGTGCACGAGTGGGTTACATCGAGCTGGATCTCAACAGCGGTAAGATCCTTGAGAGTTTTCGCCCCGAAGAACGTTTTCCAATGATGAGCACTTTTAAAGTTCTGCTATGTGGTGCGGTATTATCCCGTGTTGACGCCGGGCAAGAGCAACTCGGTCGCCGCATACACTATTCTCAGAATGACTTGGTTGAGTACTCACCAGTCACAGAAAAGCATCTTACGGATGGCATGACAGTAAGAGAATTATGCAGTGCTGCCATAACCATGAGTGATAACACTGCGGCCAACTTACTTCTGACAACGATCGGAGGACCGAAGGAGCTAACCGCTTTTTTGCACAACATGGGGGATCATGTAACTCGCCTTGATCGTTGGGAACCGGAGCTGAATGAAGCCATACCAAACGACGAGCGTGACACCACGATGCCTGCAGCAATGGCAACAACGTTGCGCAAACTATTAACTGGCGAACTACTTACTCTAGCTTCCCGGCAACAATTAATAGACTGGATGGAGGCGGATAAAGTTGCAGGACCACTTCTGCGCTCGGCCCTTCCGGCTGGCTGGTTTATTGCTGATAAATCTGGAGCCGGTGAGCGTGGGTCTCGCGGTATCATTGCAGCACTGGGGCCAGATGGTAAGCCCTCCCGTATCGTAGTTATCTACACGACGGGGAGTCAGGCAAC
205__TEM-1D_Bla__TEM-118__1996	TEM-118	Beta-lactam	AY130285		TTTTTTGCGGCATTTTGCCTTCCTGTTTTTGCTCACCCAGAAACGCTGGTGAAAGTAAAAGATGCTGAAGATCAGTTGGGTGCACGAGTGGGTTACATCGAGCTGGATCTCAACAGCGGTAAGATCCTTGAGAGTTTTCGCCCCGAAGAACGTTTTCCAATGATGAGCACTTTTAAAGTTCTGCTATGTGGTGCGGTATTATCCCGTGTTGACGCCGGGCAAGAGCAACTCGGTCGCCGCATACACTATTCTCAGAATGACTTGGTTGAGTACTCACCAGTCACAGAAAAGCATCTTACGGATGGCATGACAGTAAGAGAATTATGCAGTGCTGCCATAACCATGAGTGATAACACTGCGGCCAACTTACTTCTGACAACGATCGGAGGACCGAAGGAGCTAACCGCTTTTTTGCACAACATGGGGGATCATGTAACCCGCCTTGATCATTGGGAACCGGAGCTGAATGAAGCCATACCAAACGACGAGCGTGACACCACGATGCCTGCAGCAATGGCAACAACGTTGCGCAAACTATTAACTGGCGAACTACTTACTCTAGCTTCCCGGCAACAATTAATAGACTGGATGGAGGCGGATAAAGTTGCAGGACCACTTCTGCGCTCGGCCCTTCCGGCTGGCTGGTTTATTGCTGATAAATCTGGAGCCGGTGAGCGTGGATCTCGCGGTATCATTGCAGCACTGGGGCCAGATGGTAAGCCCTCCCGTATCGTAGTTATCTACATGACGGGGAGTCAGGCAACTATGGATGAACGAAATAGACA
205__TEM-1D_Bla__TEM-169__3629	TEM-169	Beta-lactam	FJ873740		ATGAGTATTCAACATTTCCGTGTCGCCCTTATTCCCTTTTTTGCGGCATTTTGCCTTCCTGTTTTTGCTCACCCAGAAACGCTGGTGAAAGTAAAAGATGCTGAAGATCAGTTGGGTGCACGAGTGGGTTACATCGAACTGGATCTCAACAGCGGTAAGATCCTTGAGAGTTTTCGCCCCGAAGAACGTTTTCCAATGCTGAGCACTTTTAAAGTTCTGCTATGTGGTGCGGTATTATCCCGTGTTGACGCCGGGCAAGAGCAACTCGGTCGCCGCATACACTATTCTCAGAATGACTTGGTTGAGTACTCACCAGTCACAGAAAAGCATCTTACGGATGGCATGACAGTAAGAGAATTATGCAGTGCTGCCATAACCATGAGTGATAACACTGCTGCCAACTTACTTCTGACAACGATCGGAGGACCGAAGGAGCTAACCGCTTTTTTGCACAACATGGGGGATCATGTAACTCGCCTTGATCGTGGGGAACCGGAGCTGAATGAAGCCATACCAAACGACGAGCGTGACACCACGATGCCTGCAGCAATGGCAACAACGTTGCGCAAACTATTAACTGGCGAACTACTTACTCTAGCTTCCCGGCAACAATTAATAGACTGGATGGAGGCGGATAAAGTTGCAGGACCACTTCTGCGCTCGGCCCTTCCGGCTGGCTGGTTTATTGCTGATAAATCTGGAGCCGGTGAGCGTGGGTCTCGCGGTATCATTGCAGCACTGGGGCCAGATGGTAAGCCCTCCCGTATCGTAGTTATCTACACGACGGGGAGTCAGGCAACTATGGATGAACGAAATAGACAGATCGCTGAGATAGGTGCCTCACTGATTAAGCATTGG
205__TEM-1D_Bla__TEM-191__2382	TEM-191	Beta-lactam	JF949916		ATTCCCTTTTTTGCGGCATTTTGCCTTCCTGTTTTTGCTCACCCAGAAACGCTGGTGAAAGTAAAAGATGCTGAAGATCAGTTGGGTGCACGAGTGGGTTACATCGAACTGGATCTCAACAGCGGTAAGATCCTTGAGAGTTTTCGCCCCGAAGAACGTTTTCCAATGATGAGCACTTTTAAAGTTCTGCTATGTGGTGCGGTATTATCCCGTGTTGACGCCGGGCAAGAGCAACTCGGTCGCCGCATACACTATTCTCAGAATGACTTGGTTGAGTACTCACCAGTCACAGAAAAGCATCTTACGGATGGCATGACAGTAAGAGAATTATGCAGTGCTGCCATAACCATGAGTGATAACACTGCTGCCAACTTACTTCTGACAACGATCGGAGGACCGAAGGAGCTAACCGCTTTTTTGCACAACATGGGGGATCATGTAACTCGCCTTGATCGTTGGGAACCGGAGCTGAATGAAGCCATACCAAACGACGAGCGTGACACCACGATGCCTGCAGCAATGGCAACAACGTTGCGCAAACTATTAACTGGCGAACTACTTACTCTAGCTTCCCGGCAACAATTAATAGACTGGATGGAGGCGGATAAAGTTGCAGGACCACTTCTGCGCTCGGCCCTTCCGGCTGGCTGGTTTATTGCTGATAAATCTGGAGCCGGTAAGCGTGGGTCTCGCGGTATCATTGCAGCACTGGGGCCAGATGGTAAGCCCTCCCGTATCGTAGTTATCTACACGACGG
205__TEM-1D_Bla__TEM-192__3190	TEM-192	Beta-lactam	JF949915		ATTCCCTTTTTTGCGGCATTTTGCCTTCCTGTTTTTGCTCACCCAGAAACGCTGGTGAAAGTAAAAGATGCTGAAGATCAGTTGGGTGCACGAGTGGGTTACATCGAACTGGATCTCAACAGCGGTAAGATCCTTGAGAGTTTTCGCCCCGAAGAACGTTTTCCAATAATGAGCACTTTTAAAGTTCTGCTATGTGGTGCGGTATTATCCCGTGTTGACGCCGGGCAAGAGCAACTCGGTCGCCGCATACACTATTCTCAGAATGACTTGGTTGAGTACTCACCAGTCACAGAAAAGCATCTTACGGATGGCATGACAGTAAGAGAATTATGCAGTGCTGCCATAACCATGAGTGATAACACTGCTGCCAACTTACTTCTGACAACGATCGGAGGACCGAAGGAGCTAACCGCTTTTTTGCACAACATGGGGGATCATGTAACTCGCCTTGATCGTTGGGAACCGGAGCTGAATGAAGCCATACCAAACGACGAGCGTGACACCACGATGCCTGCAGCAATGGCAACAACGTTGCGCAAACTATTAACTGGCGAACTACTTACTCTAGCTTCCCGGCAACAATTAATAGACTGGATGGAGGCGGATAAAGTTGCAGGACCACTTCTGCGCTCGGCCCTTCCGGCTGGCTGGTTTATTGCTGATAAATCTGGAGCCGGTGAGCGTGGGTCTCGCGGTATCATTGCAGCACTGGGGCCAGATGGTAAGCCCTCCCGTATCGTAGTTATCTACACGA
205__TEM-1D_Bla__TEM-199__10	TEM-199	Beta-lactam	JX050178		CAACATTTCCGTGTCGCCCTTATTCCCTTTTTTGCGGCATTTTGCCTTCCTGTTTTTGCTCACCCAGAAACGCTGGTGAAAGTAAAAGATGCTGAAGATAAGTTGGGTGCACGAGTGGGTTACATCGAGCTGGATCTCAACAGCGGTAAGATCCTTGAGAGTTTTCGCCCCGAAGAACGTTTTCCAATGATGAGCACTTTTAAAGTTCTGCTATGTGGTGCGGTATTATCCCGTGTTGACGCCGGGCAAGAGCAACTCGGTCGCCGCATACACTATTCTCAGAATGACTTGGTTAAGTACTCACCAGTCACAGAAAAGCATCTTACGGATGGCATGACAGTAAGAGAATTATGCAGTGCTGCCATAACCATGAGTGATAACACTGCGGCCAACTTACTTCTGACAACGATCGGAGGACCGAAGGAGCTAACCGCTTTTTTGCACAACATTGGGGATCATGTAACCCGCCTTGATCGTTGGGAACCGGAGCTGAATGAAGCCATACCAAACGACGAGCGTGACACCACGATGCCTGCAGCAATGGCAACAACGTTGCGCAAACTATTAACTGGCGAACTACTTACTCTAGCTTCCCGGCAACAATTAATAGACTGGATGGAGGCGGATAAAGTTGCAGGACCACTTCTGCGCTCGGCCCTTCCGGCTGGCTGGTTTATTGCTGATAAATCTGGAGCCAGTGAGCGTGGATCTCGCGGTATCATTGCAGCACTGGGGCCAGATGGTAAGCCCTCCCGTATCGTAGTTATCTACACGACGGGGAGTCAGGCAACTATGGATGAACGAAATAGACAGATCGCTGAGATAGGTGCCTCACTGATTAAGCATTGG
205__TEM-1D_Bla__TEM-22__1832	TEM-22	Beta-lactam	Y17583		ATGAGTATTCAACATTTCCGTGTCGCCCTTATTCCCTTTTTTGCGGCATTTTGCCTTCCTGTTTTTGCTCACCCAGAAACGCTGGTGAAAGTAAAAGATGCTGAAGATAAGTTGGGTGCACGAGTGGGTTACATCGAGCTGGATCTCAACAGCGGTAAGATCCTTGAGAGTTTTCGCCCCGAAGAACGTTTTCCAATGATGAGCACTTTTAAAGTTCTGCTATGTGGTGCGGTATTATCCCGTGTTGACGCCGGGCAAGAGCAACTCGGTCGCCGCATACACTATTCTCAGAATGACTTGGTTAAGTACTCACCAGTCACAGAAAAGCATCTTACGGATGGCATGACAGTAAGAGAATTATGCAGTGCTGCCATAACCATGAGTGATAACACTGCGGCCAACTTACTTCTGACAACGATCGGAGGACCGAAGGAGCTAACCGCTTTTTTGCACAACATGGGGGATCATGTAACCCGCCTTGATCGTTGGGAACCGGAGCTGAATGAAGCCATACCAAACGACGAGCGTGACACCACGATGCCTGCAGCAATGGCAACAACGTTGCGCAAACTATTAACTGGCGAACTACTTACTCTAGCTTCCCGGCAACAATTAATAGACTGGATGGAGGCGGATAAAGTTGCAGGACCACTTCTGCGCTCGGCCCTTCCGGCTGGCTGGTTTATTGCTGATAAATCTGGAGGCAGTGAGCGTGGATCTCGCGGTATCATTGCAGCACTGGGGCCAGATGGTAAGCCCTCCCGTATCGTAGTTATCTACACGACGGGGAGTCAGGCAACTATGGATGAACGAAATAGACAGATCGCTGAGATAGGTGCCTCACTGATTAAGCATTGG
205__TEM-1D_Bla__TEM-26__2333	TEM-26	Beta-lactam	L19940		ATGAGTATTCAACATTTCCGTGTCGCCCTTATTCCCTTTTTTGCGGCATTTTGCCTTCCTGTTTTTGCTCACCCAGAAACGCTGGTGAAAGTAAAAGATGCTGAAGATCAGTTGGGTGCACGAGTGGGTTACATCGAGCTGGATCTCAACAGCGGTAAGATCCTTGAGAGTTTTCGCCCCGAAGAACGTTTTCCAATGATGAGCACTTTTAAAGTTCTGCTATGTGGTGCGGTATTATCCCGTGTTGACGCCGGGCAAGAGCAACTCGGTCGCCGCATACACTATTCTCAGAATGACTTGGTTAAGTACTCACCAGTCACAGAAAAGCATCTTACGGATGGCATGACAGTAAGAGAATTATGCAGTGCTGCCATAACCATGAGTGATAACACTGCGGCCAACTTACTTCTGACAACGATCGGAGGACCGAAGGAGCTAACCGCTTTTTTGCACAACATGGGGGATCATGTAACCCGCCTTGATAGTTGGGAACCGGAGCTGAATGAAGCCATACCAAACGACGAGCGTGACACCACGATGCCTGCAGCAATGGCAACAACGTTGCGCAAACTATTAACTGGCGAACTACTTACTCTAGCTTCCCGGCAACAATTAATAGACTGGATGGAGGCGGATAAAGTTGCAGGACCACTTCTGCGCTCGGCCCTTCCGGCTGGCTGGTTTATTGCTGATAAATCTGGAGCCGGTGAGCGTGGATCTCGCGGTATCATTGCAGCACTGGGGCCAGATGGTAAGCCCTCCCGTATCGTAGTTATCTACACGACGGGGAGTCAGGCAACTATGGATGA
205__TEM-1D_Bla__TEM-42__3305	TEM-42	Beta-lactam	X98047		CAACATTTCCGTGTCGCCCTTATTCCCTTTTTTGCGGCATTTTGCCTTCCTGTTTTTGCTCACCCAGAAACGCTGGTGAAAGTAAAAGATGCTGAAGATAAGTTGGGTGTACGAGTGGGTTACATCGAGCTGGATCTCAACAGCGGTAAGATCCTTGAGAGTTTTCGCCCCGAAGAACGTTTTCCAATGATGAGCACTTTTAAAGTTCTGCTATGTGGTGCGGTATTATCCCGTGTTGACGCCGGGCAAGAGCAACTCGGTCGCCGCATACACTATTCTCAGAATGACTTGGTTGAGTACTCACCAGTCACAGAAAAGCATCTTACGGATGGCATGACAGTAAGAGAATTATGCAGTGCTGCCATAACCATGAGTGATAACACTGCGGCCAACTTACTTCTGACAACGATCGGAGGACCGAAGGAGCTAACCGCTTTTTTGCACAACATGGGGGATCATGTAACCCGCCTTGATCGTTGGGAACCGGAGCTGAATGAAGCCATACCAAACGACGAGCGTGACACCACGATGCCTGCAGCAATGGCAACAACGTTGCGCAAACTATTAACTGGCGAACTACTTACTCTAGCTTCCCGGCAACAATTAATAGACTGGATGGAGGCGGATAAAGTTGCAGGACCACTTCTGCGCTCGGCCCTTCCGGCTGGCTGGTTTATTGCTGATAAATCTGGAGCCAGTAAGCGTGGATCTCGCGGTATCATTGCAGCACTGGGGCCAGATGGTAAGCCCTCCCGTATCGTAGTTATCTACATGACGGGGAGTCAGGCAACTATGGATGAACGAAATAGACAGATCGCTGAGATAGGTGCCTCACTGATTAAGC
205__TEM-1D_Bla__TEM-59__2166	TEM-59	Beta-lactam	AF062386		ATGAGTATTCAACATTTCCGTGTCGCCCTTATTCCCTTTTTTGCGGCATTTTGCCTTCCTGTTTTTGCTCACCCAGAAACGCTGGTGAAAGTAAAAGATGCTGAAGATAAGTTGGGTGCACGAGTGGGTTACATCGAGCTGGATCTCAACAGCGGTAAGATCCTTGAGAGTTTTCGCCCCGAAGAACGTTTTCCAATGATGAGCACTTTTAAAGTTCTGCTATGTGGTGCGGTATTATCCCGTGTTGACGCCGGGCAAGAGCAACTCGGTCGCCGCATACACTATTCTCAGAATGACTTGGTTGAGTACTCACCAGTCACAGAAAAGCATCTTACGGATGGCATGACAGTAAGAGAATTATGCAGTGCTGCCATAACCATGGGTGATAACACTGCGGCCAACTTACTTCTGACAACGATCGGAGGACCGAAGGAGCTAACCGCTTTTTTGCACAACATGGGGGATCATGTAACCCGCCTTGATCGTTGGGAACCGGAGCTGAATGAAGCCATACCAAACGACGAGCGTGACACCACGATGCCTGCAGCAATGGCAACAACGTTGCGCAAACTATTAACTGGCGAACTACTTACTCTAGCTTCCCGGCAACAATTAATAGACTGGATGGAGGCGGATAAAGTTGCAGGACCACTTCTGCGCTCGGCCCTTCCGGCTGGCTGGTTTATTGCTGATAAATCTGGAGCCGGTGAGCGTGGATCTCGCGGTATCATTGCAGCACTGGGGCCAGATGGTAAGCCCTCCCGTATCGTAGTTATCTACACGACGGGGAGTCAGGCAACTATGGATGAACGAAATAGACAGATCGCTGAGA
205__TEM-1D_Bla__TEM-75__2896	TEM-75	Beta-lactam	AY130284		TTTTTTGCGGCATTTTGCTTTCCTGTTTTTGCTCACCCAGAAACGCTGGTGAAAGTAAAAGATGCTGAAGATCAGTTGGGTGCACGAGTGGGTTACATCGAGCTGGATCTCAACAGCGGTAAGATCCTTGAGAGTTTTCGCCCCGAAGAACGTTTTCCAATGATGAGCACTTTTAAAGTTCTGCTATGTGGTGCGGTATTATCCCGTGTTGACGCCGGGCAAGAGCAACTCGGTCGCCGCATACACTATTCTCAGAATGACTTGGTTGAGTACTCACCAGTCACAGAAAAGCATCTTACGGATGGCATGACAGTAAGAGAATTATGCAGTGCTGCCATAACCATGAGTGATAACACTGCGGCCAACTTACTTCTGACAACGATCGGAGGACCGAAGGAGCTAACCGCTTTTTTGCACAACATGGGGGATCATGTAACCCGCCTTGATCATTGGGAACCGGAGCTGAATGAAGCCATACCAAACGACGAGCGTGACACCACGATGCCTGCAGCAATGGCAACAACGTTGCGCAAACTATTAACTGGCGAACTACTTACTCTAGCTTCCCGGCAACAATTAATAGACTGGATGGAGGCGGATAAAGTTGCAGGACCACTTCTGCGCTCGGCCCTTCCGGCTGGCTGGTTTATTGCTGATAAATCTGGAGCCGGTGAGCGTGGATCTCGCGGTATCATTGCAGCACTGGGGCCAGATGGTAAGCCCTCCCGTATCGTAGTTATCTACATGACGGGGAGTCAGGCAACTATGGATGAACGAAATAGACA
205__TEM-1D_Bla__TEM-7__2149	TEM-7	Beta-lactam	AF527798		TTTTTTGCGGCATTTTGCCTTCCTGTTTTTGCTCACCCAGAAACGCTGGTGAAAGTAAAAGATGCTGAAGATAAGTTGGGTGCACGAGTGGGTTACATCGAGCTGGATCTCAACAGCGGTAAGATCCTTGAGAGTTTTCGCCCCGAAGAACGTTTTCCAATGATGAGCACTTTTAAAGTTCTGCTATGTGGTGCGGTATTATCCCGTGTTGACGCCGGGCAAGAGCAACTCGGTCGCCGCATACACTATTCTCAGAATGACTTGGTTGAGTACTCACCAGTCACAGAAAAGCATCTTACGGATGGCATGACAGTAAGAGAATTATGCAGTGCTGCCATAACCATGAGTGATAACACTGCGGCCAACTTACTTCTGACAACGATCGGAGGACCGAAGGAGCTAACCGCTTTTTTGCACAACATGGGGGATCATGTAACCCGCCTTGATAGTTGGGAACCGGAGCTGAATGAAGCCATACCAAACGACGAGCGTGACACCACGATGCCTGCAGCAATGGCAACAACGTTGCGCAAACTATTAACTGGCGAACTACTTACTCTAGCTTCCCGGCAACAATTAATAGACTGGATGGAGGCGGATAAAGTTGCAGGACCACTTCTGCGCTCGGCCCTTCCGGCTGGCTGGTTTATTGCTGATAAATCTGGAGCCGGTGAGCGTGGATCTCGCGGTATCATTGCAGCACTGGGGCCAGATGGTAAGCCCTCCCGTATCGTAGTTATCTACACGACGGGGAGTCAGGCAACTATGGATGAACGAAATAGACA
205__TEM-1D_Bla__TEM-89__3576	TEM-89	Beta-lactam	AY039040		ATGAGTATTCAACATTTCCGTGTCGCCCTTATTCCCTTTTTTGCGGCATTTTGCCTTCCTGTTTTTGCTCACCCAGAAACGCTGGTGAAAGTAAAAGATGCTGAAGATAAGTTGGGTGCACGAGTGGGTTACATCGAGCTGGATCTCAACAGCGGTAAGATCCTTGAGAGTTTTCGCCCCGAAGAACGTTTTCCAATGATGAGCACTTTTAAAGTTCTGCTATGTGGTGCGGTATTATCCCGTGTTGACGCCGGGCAAGAGCAACTCGGTCGCCGCATACACTATTCTCAGAATGACTTGGTTAAGTACTCACCAGTCACAGAAAAGCATCTTACGGATGGCATGACAGTAAGAGAATTATGCAGTGCTGCCATAACCATGGGTGATAACACTGCGGCCAACTTACTTCTGACAACGATCGGAGGACCGAAGGAGCTAACCGCTTTTTTGCACAACATGGGGGATCATGTAACCCGCCTTGATCGTTGGGAACCGGAGCTGAATGAAGCCATACCAAACGACGAGCGTGACACCACGATGCCTGCAGCAATGGCAACAACGTTGCGCAAACTATTAACTGGCGAACTACTTACTCTAGCTTCCCGGCAACAATTAATAGACTGGATGGAGGCGGATAAAGTTGCAGGACCACTTCTGCGCTCGGCCCTTCCGGCTGGCTGGTTTATTGCTGATAAATCTGGAGCCAGTGAGCGTGGATCTCGCGGTATCATTGCAGCACTGGGGCCAGATGGTAAGCCCTCCCGTATCGTAGTTATCTACACGACGGGGAGTCAGGCAACTATGGATGAACGAAATAGACAGATCGCTGAGATA
234__OXA-2_Bla__OXA-34__2655	OXA-34	Beta-lactam	AF350424		ATGGCAATCCGAATCTTCGCGATACTTTTCTCCATTTTTTCTCTTGCCACTTTCGCGCATGCGCAAGAAGGCACGCTAGAACGTTCTGACTGGAGGAAGTTTTTCAGCGAATTTCAAGCCAAAGGCACGATAGTTGTGGCAGACGAACGCCAAGCGGATCGTGCCATGTTGGTTTTTGATCCTGTGCGATCGAAGAAACGCTACTCGCCTGCATCGACATTCAAGATACCTCATACACTTTTTGCACTTGATGCAGGCGCTGTTCGTGATGAGTTCCAGATTTTTCGATGGGACGGCGTTAACAGGGGCTTTGCAGGCCACAATCAAGACCAAGATTTGCGATCAGCAATGCGGAATTCTACTGTTTGGGTGTATGAGCTATTTGCAAAGGAAATTGGTGATGACAAAGCTCGGCGCTATTTGAAGAAAATCGACTATGGCAACGCCGATCCTTCGACAAGTAATGGCGATTACTGTATAGAAGGCAGCCTTGCAATCTCGGCGCAGGAGCAAATTGCATTTCTCAGGAAGCTCTATCGTAACGAGCTGCCCTTTCGGGTAGAACATCAGCGCTTGGTCAAGGATCTCATGATTGTGGAAGCCGGTCGCAACTGGATACTGCGTGCAAAGACGGGCTGGGAAGGCCGTATGGGTTGGTGGGTAGGATGGGTTGAGTGGCCGACTGGCTCCGTATTCTTCGCACTGAATATTGATACGCCAAACAGAATGGATGATCTTTTCAAGAGGGAGGCAATCGTGCGGGCAATCCTT
234__OXA-2_Bla__OXA-36__2449	OXA-36	Beta-lactam	AF300985		ATTTTTTCTCTTGCCACTTTCGCGCATGCGCAAGAAGGCACGCTAGAACGTTCTGACTGGAGGAAGTTTTTCAGCGAATTTCAAGCCAAAGGCACGATAGTTGTGGCAGACGAACGCCAAGCGGATCGTGCCATGTTGGTTTTTGATCCTGTGCGATCGAAGAAACGCTACTCGCCTGCATCGACATTCAAGATACCTCATACACTTTTTGCACTTGATGCAGGCGCTGTTCGTGATGAGTTCCAGATTTTTCGATGGGACGGCGTTAACAGGGGCTTTGCAGGCCACAATCAAGACCAAGATTTGCGATCAGCAATGCGGAATTCTACTGTTTGGGTGTATGAGCTATTTGCAAAGGAAATTGGTGATGACAAAGCTCGGCGCTATTTGAAGAAAATCGACTATGGCAACGCCTATCCTTCGACAAGTAATGGCGATTACTGGATAGAAGGCAGCCTTGCAATCTCGGCGCAGGAGCAAATTGCATTTCTCAGGAAGCTCTATCGTAACGAGCTGCCCTTTCGGGTAGAACATCAGCGCTTGGTCAAGGATCTCATGATTGTGGAAGCCGGTCGCAACTGGATACTGCGTGCAAAGACGGGCTGGGAAGGCCGTATGGGTTGGTGGGTAGGATGGGTTGAGTGGCCGACTGGCTCCGTATTCTTCGCACTGAATATTGATACGCCAAACAGAATGGATGATCTTTTCAAGAGGGAGGCAATCGTGCGGGCAATCCTTC
243__OXA-51_Bla__OXA-116__3400	OXA-116	Beta-lactam	EU220744		TTACTTATAACAAGCGCTATTTTTATTTCAGCCTGCTCACCTTATATAGTGTCTGCTAATCCAAATCACAGTGCTTCAAAATCTGATGACAAAGCAGAGAAAATTAAAAATTTATTTAACGAAGCACACACTACGGGTGTTTTAGTTATCCAACAAGGCCAAACTCAACAAAGCTATGGTAATGATCTTGCTCGTGCTTCGACCGAGTATGTACCTGCTTCGACCTTCAAAATGCTTAATGCTTTGATCGGCCTTGAGCACCATAAGGCAACCACTACAGAAGTATTTAAGTGGGACGGGCAAAAAAGGCTATTCCCAGAATGGGAAAAGAACATGACCCTAGGCGATGCTATGAAAGCTTCCGCTATTCCGGTTTATCAAGATTTAGCTCGTCGTATTGGACTTGAACTCATGTCTAATGAAGTGAAGCGTGTTGGTTATGGCAATGCAGATATCGGTACCCAAGTCGATAATTTTTGGCTGGTGGGTCCTTTAAAAATTACTCCTCAGCAAGAGGCACAGTTTGCTTACAAGCTAGCTAATAAAACGCTTCCATTTAGCCAAAAAGTCCAAGATGAAGTGCAATCCATGTTATTCATAGAAGAAAAGAATGGAAATAAAATATACGCAAAAAGTGGTTGGGGATGGGATGTAGACCCACAAGTGGGTTGGTTAACTGGATGGGTTGTTCAGCCTCAAGGGAATATTGTAGCGTTCTCCCTTAACTTAGAAATGAAAAAAGGAATACCTAGCTCTGTTCGAAAAGAGATTACTTATAAAAGTTTA
243__OXA-51_Bla__OXA-194__3648	OXA-194	Beta-lactam	HQ425492		ATGAACATTAAAGCCCTCTTCCTTATAACAAGCGCTATTTTTATTTCAGCCTGCTCACCTTATATAGTGACTGCTAATCCAAATCACAGCGCTTCAAAATCTGATGTAAAAGCAGAGAAAATTAAAAATTTATTTAACGAAGCACACACTACGGGTGTTTTAGTTATCCAACAAGGCCAAACTCAACAAAGCTATGGTAATGATCTTGCTCGTGCTTCGACCGAGTATGTACCTGCTTCGACCTTCAAAATGCTTAATGCTTTGATCGGCCTTGAGCACCATAAGGCAACCACCACAGAAGTATTTAAGTGGGATGGTAAAAAAAGGTTATTCCCAGAATGGGAAAAGGACATGACCCTAGGCGATGCCATGAAAGCTTCCGCTATTCCAGTTTATCAAGATTTAGCTCGTCGTATTGGACTTGAGCTCATGTCTAAGGAAGTGAAGCGTGTTGGTTATGGCAATGCAGATATCGGTACCCAAGTCGATAATTTTTGGGTGGTGGGTCCTTTAAAAATTACTCCTCAGCAAGAGGCACAGTTTGCTTACAAGCTAGCTAATAAAACGCTTCCATTTAGCCAAAAAGTCCAAGATGAAGTGCAATCCATGCTATTCATAGAAGAAAAGAATGGAAACAAAATATACGCAAAAAGTGGTTGGGGATGGGATGTAAACCCACAAGTAGGCTGGTTAACTGGATGGGTTGTTCAGCCTCAAGGGAATATTGTAGCGTTCTCCCTTAACTTAGAAATGAAAAAAGGAATACCTAGCTCTGTTCGAAAAGAGATTACTTATAAAAGCTTAGAACAATTAGGTATTTTA
243__OXA-51_Bla__OXA-195__3984	OXA-195	Beta-lactam	HQ425493		ATGAACATTAAAGCACTCTTCCTTATAACAAGCGCTATTTTTATTTCAGCCTGCTCACCTTATATAGTGACTGCTAATCCAAATCACAGCGCTTCAAAATCTGATGTAAAAGCAGAGAAAATTAAAAATTTATTTAACGAAGCACACACTACGGGTGTTTTAGTTATCCAACAAGGCCAAACTCAACAAAGCTATGGTAATGATCTTGCTCGTGCTTCGACCGAGTATGTACCTGCTTCGACCTTCAAAATGCTTAATGCTTTGATCGGCCTTGAGCACCATAAGGCAACCACCACAGAAGTATTTAAGTGGGATGGTAAAAAAAGGTTATTCCCAGAATGGGAAAAGGACATGACCCTAGGCGATGCCATGAAAGCTTCCGCTATTCCAGTTTATCAAGATTTAGCTCGTCGTATTGGACTTGAGCTCATGTCTAAGGAAGTGAAGCGTGTTGGTTATGGCAATGCAGATATCGGTACCCAAGTCGATAATTTTTGGGTGGTGGGTCCTTTAAAAATTACTCCTCAGCAAGAGGCACAGTTTGCTTACAAGCTAGCTAATAAAACGCTTCCATCTAGCCAAAAAGTCCAAGATGAAGTGCAATCCATGCTATTCATAGAAGAGAAGAATGGAAACAAAATGTACGCAAAAAGTGGTTGGGGATGGGATGTAAACCCACAAGTAGGCTGGTTAACTGGATGGGTTGTTCAGCCTCAAGGGAATATTGTAGCGTTCTCCCTTAACTTAGAAATGAAAAAAGGAATACCTAGCTCTGTTCGAAAAGAGATTACTTATAAAAGCTTAGAACAATTAGGTATTTTA
243__OXA-51_Bla__OXA-196__2930	OXA-196	Beta-lactam	HQ425494		ATGAACATTCAAGCACTCTTACTTATAACAAGCGCTATTTTTATTTCAGCCTGCTCACCTTATATAGTGACTGCTAATCCAAATCACAGCGCTTCAAAATCTGATGTAAAAGCAGAGAAAATTAAAAATTTATTTAACGAAGCACACACTACGGGTGTTTTAGTTATCCAACAAGGCCAAACTCAACAAAGCTATGGTAATGATCATGCTCGTGCTTCGACCGAGTATGTACCTGCTTCGACCTTCAAAATGCTTAATGCTTTGATCGGCCTTGAGCACCATAAGGCAACCACCACAGAAGTATTTAAGTGGGATGGTAAAAAAAGGTTATTCCCAGAATGGGAAAAGGACATGACCCTAGGCGATGCCATGAAAGCTTCCGCTATTCCAGTTTATCAAGATTTAGCTCGTCGTATTGGACTTGAGCTCATGTCTAAGGAAGTGAAGCGTGTTGGTTATGGCAATGCAGATATCGGTACCCAAGTCGATAATTTTTGGGTGGTGGGTCCTTTAAAAATTACTCCTCAGCAAGAGGCACAGTTTGCTTACAAGCTAGCTAATAAAACGCTTCCATTTAGCCAAAAAGTCCAAGATGAAGTGCAATCCATGCTATTCATAGAAGAAAAGAATGGAAACAAAATATACGCAAAAAGTGGTTGGGGATGGGATGTAAACCCACAAGTAGGCTGGTTAACTGGATGGGTTGTTCAGCCTCAAGGGAATATTGTAGCGTTCTCCCTTAACTTAGAAATGAAAAAAGGAATACCTAGCTCTGTTCGAAAAGAGATTACTTATAAAAGCTTAGAACAATTAGGTATTTTA
243__OXA-51_Bla__OXA-197__2509	OXA-197	Beta-lactam	HQ425495		ATGAACATTAAAGCCCTCTTCCTTATAACAAGCGCTATTTTTATTTCAGCCTGCTCACCTTATATAGTGACTGCTAATCCAAATCACAGCGCTTCAAAATCTGATGTAAAAGCAGAGAAAATTAAAAATTTATTTAACGAAGCACACACTACGGGTGTTTTAGTTATCCAACAAGGCCAAACTCAACAAAGCTATGGTAATGATCTTGCTCGTGCTTCGACCGAGTATGTACCTGCTTCGACCTTCAAAATGCTTAATGCTTTGATCGGCCTTGAGCACCATAAGGCAACCACCACAGAAGTATTTAAGTGGGATGGTAAAAAAAGGTTATTCCCAGAATGGGAAAAGGACATGACCCTAGGCGATGCCATGAAAGCTTCCGCTATTCCAGTTTATCAAGATTTAGCTCGTCGTATTGGACTTGAGCTCATGTCTAAGGAAGTGAAGCGTGTTGGTTATGGCAATGCAGATATCGGTACCCAAGTCGATAATTTTTGGGTGGTGGGTCCTTTAAAAATTACTCCTCAGCAAGAGGCACAGTTTGCTTACAAGCTAGCTAATAAAACGCTTCCATTTAGCCAAAAAGTCCAAGATGAAGTGCAATCCATGCTATTCATAGAAGAAAAGAATGGAAACAAAATATACGCAAAAAGTGGTTGGGGATGGGATGTAAACCCACAAGTAGGCTGGTTAACTGGATGGGTTGTTCAGCCTCAAGGGAATATTGTAGCGTTCTCCCTTAACTTAGAAATGAAAAAAGGAATACCTAGCTCTGTTCGAAAAGAGATTGCTTATAAAAGCTTAGAACAATTAGGTATTTTA
247__OXA-104_Bla__OXA-104__2479	OXA-104	Beta-lactam	EF581285		ATGAACATTAAAGCGCTGCTGCTGATTACCAGCGCGATTTTTATTAGCGCGTGCAGCCCGTATATTGTGACCGCGAACCCGAACCATAGCGCGAGCAAAAGCGATGAAAAAGCGGAAAAAATTAAAAACCTGTTTAACGAAGCGCATACCACCGGCGTGCTGGTGATTCAGCAGGGCCAGACCCAGCAGAGCTATGGCAACGATCTGGCGCGCGCGAGCACCGAATATGTGCCGGCGAGCACCTTTAAAATGCTGAACGCGCTGATTGGCCTGGAACATCATAAAGCGACCACCACCGAAGTGTTTAAATGGGATGGCAAAAAACGCCTGTTTCCGGAATGGGAAAAAAACATGACCCTGGGCGATGCGATGAAAGCGAGCGCGATTCCGGTGTATCAGGATCTGGCGCGCCGCATTGGCCTGGAACTGATGAGCAACGAAGTGAAACGCGTGGGCTATGGCAACGCGGATATTGGCACCCAGGTGGATAACTTTTGGCTGGTGGGCCCGCTGAAAATTACCCCGCAGCAGGAAGCGCAGTTTGCGTATAAACTGGCGAACAAAACCCTGCCGTTTAGCCAGAAAGTGCAGGATGAAGTGCAGAGCATGCTGTTTATTGAAGAAAAAAACGGCAACAAAATTTATGCGAAAAGCGGCTGGGGCTGGGATGTGGATCCGCAGGTGGGCTGGCTGACCGGCTGGGTGGTGCAGCCGCAGGGCAACATTGTGGCGTTTAGCCTGAACCTGGAAATGAAAAAAGGCATTCCGAGCAGCGTGCGCAAAGAAATTACCTATAAAAGCCTGGAACAGCTGGGCATTCTG
269__OXA-7_Bla__OXA-16__3834	OXA-16	Beta-lactam	AF043100		ATCGCGTGTCTTTCGAGTACGGCATTAGCTGGTTCAATTACAGAAAATACGTCTTGGAACAAAGAGTTCTCTGCCGAAGCCGTCAATGGTGTCTTCGTGCTTTGTAAAAGTAGCAGTAAATCCTGCGCTACCAATGACTTAGCTCGTGCATCAAAGGAATATCTTCCAGCATCAACATTTAAGATCCCCAACGCAATTATCGGCCTAGAAACTGGTGTCATAAAGAATGAGCATCAGGTTTTCAAATGGGACGGAAAGCCAAGAGCCATGAAGCAATGGGAAAGAGACTTGACCTTAAGAGGGGCAATACAAGTTTCAGCTGTTCCCGTATTTCAACAAATCACCAGAGAAGTTGGCGAAGTAAGAATGCAGAAATACCTTAAAAAATTTTCCTATGGCAACCAGAATATCAGTGGTGGCATTGACAAATTCTGGTTGGAAGACCAGCTTAGAATTTCCGCAGTTAATCAAGTGGAGTTTCTAGAGTCTCTATATTTAAATAAATTGTCAGCATCTAAAGAAAACCAGCTAATAGTAAAAGAGGCTTTGGTAACGGAGGCGGCACCTGAATATCTAGTGCATTCAAAAACTGGTTTTTCTGGTGTGGGAACTGAGTCAAATCCTGGTGTCGCATGGTGGGTTGGGTGGGTTGAGAAGGAGACAGAGGTTTACTTTTTCGCCTTTAACATGGATATAGACAACGAAAGTAAGTTGCCGCTAAGAAAATCCATTCCCACCAAAATCATGGAAAGTGAGGGCATCATTGGTGGC
596__GES-23_Bla__GES-23__102	GES-23	Beta-lactam	KF179354		ATGCGCTTCATCCACGCCCTGCTGCTGGCCGGCATCGCCCACAGCGCCTACGCCAGCGAGAAGCTGACCTTCAAGACCGACCTGGAGAAGCTGGAGCGCGAGAAGGCCGCCCAGATCGGCGTGGCCATCGTGGACCCGCAGGGCGAGCTGGTGGCCGGCCACCGCATGGCCCAGCGCTTCGCCATGTGCAGCACCTTCAAGTTCCCGCTGGCCGCCCTGGTGTTCGAGCGCATCGACAGCGGCACCGAGCGCGGCGACCGCAAGCTGAGCTACGGCCCGGACATGATCGTGGAGTGGAGCCCGGCCACCGAGCGCTTCCTGGCCAGCGGCCACATGACCGTGCTGGAGGCCGCCCAGGCCGCCGTGCAGCTGAGCGACAACGGCGCCACCAACCTGCTGCTGCGCGAGATCGGCGGCCCGGCCGCCATGACCCAGTACTTCCGCAAGATCGGCGACAGCGTGAGCCGCCTGGACCGCAAGGAGCCGGAGATGGGCGACAACACCCCGGGCGACCTGCGCGACACCACCACCCCGATCGCCATGGCCCGCACCGTGGCCAAGGTGCTGTACGGCGGCGCCCTGACCAGCACCAGCACCCACACCATCGAGCGCTGGCTGATCGGCAACCAGACCGGCGACGCCACCCTGCGCGCCGGCTTCCCGAAGGACTGGGTGGTGGGCGAGAAGACCGGCACCTGCGCCAACGGCGGCCGCAACGACATCGGCTTCTTCAAGGCCCAGGAGCGCGACTACGCCGTGGCCGTGTACACCACCGCCCCGAAGCTGAGCGCCGTGGAGCGCGACGAGCTGGTGGCCAGCGTGGGCCAGGTGATCACCCAGCTGATCCTGAGCACCGACAAG
82__ACC-1_Bla__ACC-3__2360	ACC-3	Beta-lactam	AF180958		ATGCGTAAAAAAATGCAGAACACCTTGAAGATGTTATCCGTGATTACCTGTCTGGCTTTAACGGCTCAGGGTGCCATGGCGTCAGAAATGGATCAGGCCAAAATTAAAGACACCGTTGATAGCCTGATCCAGCCGCTGATGCAGAAGAATAATATTCCGGGCATGTCGGTGGCAGTTACGCTGAACGGTAAAAATTATATTTATAACTATGGCTTAGCCTCCAAACAGCCCCAGCAGCCCGTAACGGACAACACGCTATTTGAAGTTGGCTCGCTGAGCAAAACCTTTGCAGCGACGCTGGCGTCTTATGCACAGGTCAGCGGCAAGTTATCGCTGGATAAAAGCATTAGCCATTATGTTCCAGAACTGCGCGGCAGCAGCTTCGATCACATTAGCGTGCTGAATGCGGGAACGCATACCACAGGTTTAGCGCTGTTCATGCCTGAAGAAGTGAAAAACACCGATCAGCTGATGGCTTATCTGAAAGCGTGGAAACCCGCCGATCCTGCGGGGACTCACCGTGTTTATTCCAATATTGGTACCGGCTTGTTGGGCATGATTGCCGCGCAAAGCATGGGAATGACTTACGAAGATGCGATTGAGAAAACGCTCCTTCCGAAGTTGGGCATGACGCACACCTATCTTAATGTTCCAGCAGACCAAGCGGAAAATTATGCTTGGGGCTATAACAAAAAGAATGAGCCGATCCACGTTAATATGGAAGTGTTGGGCAACGAAGCCTATGGCATTAGAACCAATGCGAGTGACCTGATTCGCTATGTGCAAGCCAATATGGGGCAGCTAAAACTTGATGGAAATTCGACGCTGCAAAAAGCGCTCACCGACACGCATATCGGTTACTTCAAGTCAGGCAAAATCACTCAGGATCTGATGTGGGAACAGCTGCCATATCCGGTATCTCTGCCGGATCTGCTCACTGGCAACGATATGGCGATGACAAAAAGCGTTGCTACGCCGATTGTTCCACCGCTGCCACCACAGGAAAATGTATGGATTAACAAAACCGGTTCCACCAATGGTTTTGGTGCCTACATCGCATTTGTTCCGGCTAAAAAGATGGGTATCGTGATGCTGGCGAACAAGAACTACTCTATCGATCAGCGTGTAACG
92__CMY_Bla__CMY-29__1738	CMY-29	Beta-lactam	EF685371		ATGATGAAAAAATCGTTATGCTGCGCTCTGCTGCTGACAGCCTCTTTCTCCACATTTGCTGCCGCAAAAACAGAACAACAGATTGCCGATATCGTTAATCGCACCATCACCCCGTTGATGCAGGAGCAGGCTATTCCGGGTATGGCCGTTGCCGTTATCTACCAGGGAAAACCCTATTATTTCACCTGGGGTAAAGCCGATATCGCCAATAACCACCCAGTCACGCAGCAAACGCTGTTTGAGCTAGGATCGGTTAGTAAGACGTTTAACGGCGTGTTGGGCGGCGATGCTATCGCCCGCGGCGAAATTAAGCTCAGCGATCCGGTCACGAAATACTGGCCAGAACTGACAGGCAAACAGTGGCAGGGTATCCGCCTGCTGCACTTAGCCACCTATACGGCAGGCGGCCTACCGCTGCAGTTCCCCGATGACGTTAGGGATAAAGCCGCATTACTGCATTTTTATCAAAACTGGCAGCCGCAATGGACTCCGGGCGCTAAGCGACTTTACGCTAACTCCAGCATTGGTCTGTTTGGCGAGCTGGCGGTGAAACCCTCAGGAATGAGTTACGAAGAGGCAATGACCAGACGCGTCCTGCAACCATTAAAACTGGCGCATACCTGGATTACGGTTCCGCAGAACGAACAAAAAGATTATGCCTGGGGCTATCGCGAAGGGAAGCCCGTACACGTTTCTCCGGGACAACTTGACGCCGAAGCCTATGGCGTGAAATCCAGCGTTATTGATATGGCCCGCTGGGTTCAGGCCAACATGGATGCCAGCCACGTTCAGGAGAAAACGCTCCAGCAGGGCATTGCGCTTGCGCAGTCTCGCTACTGGCGTATTGGCGATATGTACCAGGGATTAGGCTGGGAGATGCTGAACTGGCCGCTGAAAGCTGATTCGATCATCAACGGCAGCGACAGCAAAGTGGCATTGGCAGCGCTTCCCGCCGTTGAGGTAAACCCGCCCGCCCCCGCAGTGAAAGCCTCATGGGTGCATAAAACGGGCTCCACTGGTGGATTTGGCAGCTACGTAGCCTTCGTTCCAGAAAAAAACCTTGGCATCGTGATGCTGGCAAACAAAAGCTATCCTAACCCTGTCCGTGTCGAGGCGGCCTGGCGCATTCTTGAAAAGCTGCAA
92__CMY_Bla__CMY-30__2774	CMY-30	Beta-lactam	EF685372		ATGATGAAAAAATCGTTATGCTGCGCTCTGCTGCTGACAGCCTCTTTCTCCACATTTGCTGCCGCAAAAACAGAACAACAGATTGCCGATATCGTTAATCGCACCATCACCCCGTTGATGCAGGAGCAGGCTATTCCGGGTATGGCCGTTGCCGTTATCTACCAGGGAAAACCCTATTATTTCACCTGGGGTAAAGCCGATATCGCCAATAACCACCCAGTCACGCAGCAAACGCTGTTTGAGCTAGGATCGGTTAGTAAGACGTTTAACGGCGTGTTGGGCGGCGATGCTATCGCCCGCGGCGAAATTAAGCTCAGCGATCCGGTCACGAAATACTGGCCAGAACTGACAGGCAAACAGTGGCAGGGTATCCGCCTGCTGCACTTAGCCACCTATACGGCAGGCGGCCTACCGCTGCAGATCCCCGATGACGTTAGGGATAAAGCCGCATTACTGCATTTTTATCAAAACTGGCAGCCGCAATGGACTCCGGGCGCTAAGCGACTTTACGCTAACTCCAGCATTGGTCTGTTTGGCGCGCTGGCGGTGAAACCCTCAGGAATGAGTTACGAAGAGGCAATGACCAGACGCGTCCTGCAACCATTAAAACTGGCGCATACCTGGATTACGGTTCCGCAGAACGAACAAAAAGATTATGCCTGGGGCTATCGCGAAGGGAAGCCCGTACACGGTTCTCCGGGACAACTTGACGCCGAAGCCTATGGCGTGAAATCCAGCGTTATTGATATGGCCCGCTGGGTTCAGGCCAACATGGATGCCAGCCACGTTCAGGAGAAAACGCTCCAGCAGGGCATTGCGCTTGCGCAGTCTCGCTACTGGCGTATTGGCGATATGTACCAGGGATTAGGCTGGGAGATGCTGAACTGGCCGCTGAAAGCTGATTCGATCATCAACGGCAGCGACAGCAAAGTGGCATTGGCAGCGCTTCCCGCCGTTGAGGTAAACCCGCCCGCCCCCGCAGTGAAAGCCTCATGGGTGCATAAAACGGGCTCCACTGGTGGATTTGGCAGCTACGTAGCCTTCGTTCCAGAAAAAAACCTTGGCATCGTGATGCTGGCAAACAAAAGCTATCCTAACCCTGTCCGTGTCGAGGCGGCCTGGCGCATTCTTGAAAAGCTGCAA
92__CMY_Bla__CMY-87__2041	CMY-87	Beta-lactam	AB699171		ATGATGAAAAAATCGTTATGCTGCGCGCTGCTGCTGACAGCCTCTTTCTCCACGTTTGCTGCCGCAAAAACAGAACAACAAATTGCCGATATCGTTAACCGCACCATCACACCACTGATGCAGGAGCAGGCTATTCCGGGCATGGCCGTGGCAATTATCTACGAGGGGAAACCTTATTACTTTACCTGGGGTAAAGCCGATATCGCCAATAACCACCCAGTCACGCAGCAAACGCTGTTTGAGTTAGGGTCGGTCAGTAAGACGTTTAACGGCGTGTTGGGCGGCGACGCTATCGCCCGCGGCGAAATTAAGCTCAACGACCCGGTCACGAAATACTGGCCAGAACTGACAGGCAAACAGTGGCGGGGTATCAGCCTGCTACACTTAGCCACCTATACAGCGGGTGGCCTGCCGCTGCAGATCCCCGATGACGTTACGGATAAAGCCGCATTACTGCGCTTTTATCAAAACTGGCAACCACAATGGACTCCGGGCGCTAAGCGTCTTTACGCTAACTCCAGCATTGGTCTGTTTGGTGCGCTGGCGGTGCAACCTTCAGGTATGAGCTACGAAGAGGCAATGACCAGACGCGTCCTGCAACCATTAAAACTGGCGCATACCTGGATTACGGTTCCGCAAAGCGAACAAAAAAATTATGCCTGGGGCTATCGCGAAGGGAAGCCTGTACACGTTTCTCCGGGACAACTTGACGCCGAAGCCTATGGCGTGAAATCCAGCGTTATCGATATGGCCCGCTGGGTTCAGGCCAACATGGACGCCAGCCACGTTCAGGAGAAAACGCTCCAGCAGGGCATTGAGCTTGCGCAGTCTCGCTACTGGCGTATTGGTGATATGTACCAGGGATTAGGCTGGGAGATGCTGAACTGGCCGCTGAAAGCTGATTCGATCATCAACGGCAGCGACAGCAAAGTGGCATTGGCAGCGCTTCCCGCCGTTGAGGTAAACCCGCCAGCACCTGCCGTGAAAGCCTCATGGGTGCATAAAACGGGATCCACAGGTGGATTTGGCAGCTACGTTGCCTTCGTTCCAGAAAAAAACCTTGGCATAGTGATGCTGGCAAACAAAAGCTATCCTAACCCGGCTCGCGTAGAGGCGGCCTGGCGCATTCTTGAAAAGCTGCAA
96__ACT-MIR_Bla__ACT-16__3426	ACT-16	Beta-lactam	AB737978		ATGATGAAAAAATCCCTTTGCTGCGCCCTGCTGCTGGGCCTCTCTTGCTCTGCTCTCGCCGCGCCAGTATCAGAAAAACAGCTGGCGGAGGTGGTCGCGAATACGGTTACCCCGCTGATGAAAGCCCAGTCTGTTCCAGGCATGGCGGTGGCCGTTATTTATCAGGGAAAATCGCACTATTACACGTTTGGCAAGGCCGATATCGCGGCGAATAAACCCGTTACGCCTCAGACCCTGTTCGAGCTGGGTTCTATAAGTAAAACCTTCACCGGCGTTTTAGGTGGGGATGCCATTGCTCGCGGTGAAATTTCGCTGGACGATCCGGTGACCAGATACTGGCCACAGCTGACGGGCAAGCAGTGGCAGGGTATTCGTATGCTGGATCTCGCCACCTACACCGCTGGCGGCCTGCCGCTACAGGTACCGGATGAGGTCACGGATAACGCCTCCCTGCTGCGCTTTTATCAAAACTGGCAGCCGCAGTGGAAGCCTGGCACAACGCGTCTTTACGCCAACGCCAGCATCGGTCTTTTTGGTGCGCTGGCGGTCAAACCTTCTGGCATGCCCTATGAGCAGGCCATGACGACGCGGGTCCTTAAGCCGCTCAAGCTGGACCATACCTGGATTAACGTTCCGAAAGCGGAAGAGGCGCATTACGCCTGGGGCTATCGTGACGGTAAAGCGGTGCGCGTTTCGCCGGGAATGCTGGATGCACAAGCCTATGGCGTGAAAACCAACGTGCAGGATATGGCGAACTGGGTCATGGCAAACATGGCGCCGGAGAAGGTTGCCGATGCCTCACTTAAGCAGGGCATCGCGCTGGCGCAGTCGCGCTACTGGCGTATCGGGTCAATGTATCAGGGTCTGGGCTGGGAGATGCTCAACTGGCCCGTGGAGGCCAACACGGTGGTCGAAGGCAGCGACAGTAAGGTAGCGCTGGCGCCGTTACCCGTGGCAGAAGTGAATCCACCGGCTCCCCCGGTCAAAGCGTCCTGGGTCCATAAAACGGGTTCTACCGGCGGGTTTGGCAGCTACGTGGCCTTTATTCCTGAAAAGCAGATCGGTATTGTGATGCTCGCGAATAAAAGCTATCCGAACCCGGCACGCGTTGAGGCGGCATACCATATCCTCGAGGCGCTA
344__QnrB_Flq__QnrB41__3085	QnrB41	Quinolone	JN166690		ATGACGCCATTACTGTATAAAAAAACAGGTACAAATATGGCTCTGGCACTCGTTGGCGATAAAATTGACAGAAACCGTTTCACCGGTGAGAAAATTGAAAATAGTACATTTTTTAACTGTGATTTTTCAGGTGCCGACCTGAGCGGCACTGAATTTATCGGCTGTCAGTTCTATGATCGTGAAAGCCAGAAAGGGTGCAATTTTAGTCGTGCGATGCTGAAAGATGCCATTTTTAAAAGCTGTGATTTATCCATGGCGGATTTTCGCAATTCCAGTGCGCTGGGCATTGAAATTCGCCACTGCCGCGCACAAGGCGCAGATTTCCGCGGCGCAAGCTTTATGAATATGATCACTACTCGCACCTGGTTTTGCAGCGCATATATCACTAACACAAATCTAAGCTACGCCAATTTTTCGAAAGTCGTGCTGGAAAAATGTGAGCTGTGGGAAAACCGTTGGATGGGTGCCCAGGTACTGGGCGCGACGTTCAGTGGTTCAGATCTTTCCGGCGGCGAGTTTTCGACTTTCGACTGGCGAGCAGCAAACTTCACACATTGCGATCTGACCAATTCGGAGTTGGGTGACTTAGATATTCGGGGCGTTGATTTACAAGGCGTTAAGCTGGACAACTACCAGGCGTCGTTGCTCATGGAGCGACTTGGCATCGCGGTGATTGGTAGC
344__QnrB_Flq__QnrB43__3826	QnrB43	Quinolone	JQ349151		ATGACGCCATTACTGTATAAAAAAACAGGTACAAATATGGCTCTGGCACTCGTTGGCGAAAAAATTGACAGAAACCGCTTCACCGGTGAGAAAATTGAAAATAGTACATTTTTTAACTGTGATTTTTCAGGTGCCGACCTGAGCGGCACTGAATTTATCGGCTGTCAGTTCTATGATCGTGAAAGCCAGAAAGGGTGCAATTTTAGTCGTGCGATGCTGAAAGATGCCATTTTTAAAAGCTGTGATTTATCCATGGCGGATTTTCGCAATGCCAGTGCGCTTGGCATTGAAATTCGCCACTGTCGTGCGCAAGGCGCAGATTTCCGCGGCGCAAGCTTTATGAATATGATCACTACTCGCACCTGGTTTTGCAGCGCATATATCACTAACACAAATCTAAGCTACGCCAATTTTTCGAAAGTCGTGTTGGAAAAATGTGAGCTGTGGGAAAACCGTTGGATGGGTGCCCAGGTACTGGGCGCGACGTTCAGTGGTTCAGATCTTGCCGGCGGCGAGTTTTCGACTTTCGACTGGCGAGCAGCAAACTTCACACATTGCGATCTGACCAATTCGGAGTTGGGTGACTTAGATATTCGGGGCGTTGATTTACAAGGCGTTAAGTTGGACAACTACCAGGCATCGCTGCTCATGGAACGTCTTGGCATCGCGGTAATTGGTTA
344__QnrB_Flq__QnrB44__2862	QnrB44	Quinolone	JQ349153		ATGACGCCATTACTGTATAAAAAAACAGGTACAAATATGGCTCTGGCACTCGTTGGCGAAAAAATTGACAGAAACCGTTTCACCGGTGAGAAAATTGAAAATAGTACATTTTTTAACTGTGATTTTTCAGGTGCCGACCTAAGTGGTACTGAATTTATCGGCTGTCAGTTCTATGATCGTGAAAGCCAGAAAGGGTGCAATTTTAGTCGTGCAATGCTGAAAGATGCCATTTTTAAAAGCTGTGATTTATCCATGGCGGATTTTCGCAATGCCAGTGCGCTGGGCATTGAAATTCGCCACTGCCGCGCACAAGGTGCAGATTTCCGCGGCGCAAGCTTTATGAATATGATCACTACACGCACCTGGTTTTGCAGCGCATATATCACTAACACAAATCTAAGCTACGCCAATTTTTCGAAAGTCGTGCTGGAAAAGTGTGAGCTGTGGGAAAACCGTTGGATGGGTGCCCAGGTACTGGGCGCGACGTTCAGTGGTTCAGATCTCTCCGGCGGCGAGTTTACGACTTTCGACTGGCGAGCAGCAAACTTCACACATTGCGATCTGACCAATTCGGAGTTGGGTGACTTAGATATTCGGGGCGTTGATTTACAAGGCGTTAAGTTGGACAACTACCAGGCATCGTTGCTCATGGAACGTCTTGGCATCGCGGTCATTGGTTA
344__QnrB_Flq__QnrB45__2093	QnrB45	Quinolone	JQ349152		ATGACGCCATTACTGTATAAAAAAACAGGTACAAATATGGCTCTGGCACTCGTTGGCGAAAAAATTGACAGAAACCGCTTCACCGGTGAGAAAATTGAAAATAGTACATTTTTTAACTGTGATTTTTCAGGTGCCGACCTGAGCGGCACTGAATTTATCGGCTGTCAGTTCTATGATCGTGAAAGCCAGAAAGGGTGCAATTTTAGTCGTACGATGCTGAAAGATGCCATTTTTAAAAGCTGTGATTTATCCATGGCGGATTTTCGCAATGCCAGTGCGCTTGGCATTGAAATTCGCCACTGTCGTGCGCAAGGCGCAGATTTCCGCGGCGCAAGCTTTATGAATATGATCACTACTCGCACCTGGTTTTGTAGTGCATATATCACTAACACAAATCTAAGCTACGCCAATTTTTCGAAAGTCGTGCTGGAAAAGTGTGAGCTGTGGGAAAACCGTTGGATGGGTGCCCAGGTACTGGGCGCGACGTTCAGTGGTTCAGATCTCTCCGGCGGCGAGTTTTCGACTTTCGACTGGCGAGCAGCAAACTTCACACATTGCGATCTGACCAATTCGGAGTTGGGTGACTTAGATATTCGGGGCGTTGATTTACAAGGCGTTAAGTTGGACAACTACCAGGCATCGTTGCTCATGGAACGTCTTGGCATCGCGGTGATTGGTTA
357__Qnr-S_Flq__QnrS3__2342	QnrS3	Quinolone	EU077611		GAAACCTACAATCATACATATCGGCACCGCAACTTTTCACATAAAGACTTAAGTGATCTCACCTTCACCGCTTGCACATTCATTCGCAGCGACTTTCGACGTGCTAACTTGCGTGATACGACATTCGTCAACTGCAAGTTCATTGAACAGGGTGATATCGAAGGCTGCCACTTTGATGTCGCAGATCTTCGTGATGCAAGTTTCCAACAATGCCAACTTGCGATGGCAAACTTCAGTAATGCCAATTGCTACGGTATAGAGTTCCGTGCGTGTGATTTAAAAGGTGCCAACTTTTCCCGAACAAACTTTGCCCATCAAGTGAGTAATCGTATGTACTTTTGCTCAGCATTTATTTCTGGATGTAATCTTTCCTATGCCAATATGGAGAGGGTTTGTTTAGAAAAATGTGAGTTGTTTGAAAATCGCTGGATAGGAACGAACCTAGCGGGTGCATCACTGAAAGAGTCAGACTTAAGTCGAGGTGTTTTTTCCGAAGATGTCTGGGGGCAATTTAGCCTACAGGGTGCCAATTTATGCCACGCCGAACTCGACGGTTTAGATCCCCGCAAAGTCGATACATCAGGTATCAAAATTGCAGCCTGGCAGCAAGAACTGATTCTCGAAGCACTGGGTATTGTTGTTTATCCTGAC
368__Cat_Phe__catS__3081	catS	Phenicol	X74948		TTTACGAATATACCTTGCACATACAGTATGACTGTTAAATTGGATATTACACAAATAAAAAAGAAACGAATGAAATTATACCCTGCGATGCTTTATTATCTTGCAACGATTGTAAACCGTCATTCAGAGTTTAGAACGGCAATTAATCAGGAGGGTGAACTGGGAATATATGACGAGATGATACCCAGCTATACCATATTCCATGAGGACACAGAGACATTTTCCAACCTTTGGACACCATACATACCAGATTTTGAAGCATTTTCTATGGCGTATGCGAATGATATGCAAAGGTATGGAAGCAATTATGGAATGATAGGAAAACCAGATATACCAGAAAATGTTTTTAATGTATCGATGATACCATGGTCAACCTTCGATAGCTTTAATCTGAATTTGCAGAAAGGATATGATTATTTGATTCCTATTTTTACGATGGGGAAATATTACAGAGATGATGAAAAAATCATACTTCCTCTCGCCATCCAAGTT
556__tetC_Tet__tetC__297	tetC	Cycline	AY171578		CTGTATGCGTTGGTGCAATTTCTATGCGCACCCGTTCTCGGAGCACTGTCCGACCGCTTTGGCCGCCGCCCAGTCCTGCTCGCTTCGCTACTTGGAGCCACTATCGACTACGCGATCATGGCGACCACACCCGTCCTGTGGATCCTCTACGCCGGACGCATCGTGGCCGGCATCACCGGCGCCACAGGTGCGGTTGCTGGCGCCTATATCGCCGACATCACCGATGGGGAAGATCGGGCTCGCCACTTCGGGCTCATGAGCGCTTGTTTCGGCGTGGGTATGGTGGCAGGCCCCGTGGCCGGGGGACTGTTGGGCGCCATCTCCTTGCATGCACCATTCCTTGCGGCGGCGGTGCTCAACGGCCTCAACCTACTACTGGGCTGCTTCCTAATGCAGGAGTCGCATAAGGGAGAGCGTCGACCGATGCCCTTGAGAGCCTTCAACCCAGTCAGCTCCTTCCGGTGGGCGCGGGGCATGACTATCGTCGCCGCACTTATGACTGTCTTCTTTATCATGCAACTCGTAGGACAGGTGCCGGCAGCGCTCTGGGTCATTTTCGGCGAG
656__nimF_Nit__nimF__712	nimF	Nitro-imidazole	AJ515145		ATGTTCAGAGAAATGCGGCGTAAGCGGCAGCAACTGTCTGCCGAAGAAAGTATTGCCATCCTTGAACGGATGACGAACGGAGTGCTGGCACTTCATGGGGATGAAGGTTATCCGTATGCCGTCCCTGTCAGTTATGTATATGCGGATGGGAAGATTTATTTCCACAGTGCCATGAAAGGCCATAAGGTGGATGCCATCATGCGGAATGAACGTGTTTCGTTCTGCGTAGTGGAACGGGACGATGTCTGTCCGGGCGAGTTCACCACCTACTTCAGGAGCGTGGTGCTCTTCGGCAAGACCCGTATTTTGACGGAAGAGGCCGAAAAGTTGGCGGCCTTGAGCTTGCTTGCCGACAAATATTCACCGGGAGAACCCGGTAAAGATGCCGAAATCGCCAAAGGGTTTAACCTGCTGATGGTGGAAATTGCAGTCGAGCACATGACAGGCAAGGAA
660__nimH_Nit__nimH__713	nimH	Nitro-imidazole	FJ969397		ATGCGGCGTAAGCGGCAATTGTTGCCAACTGAGGAAAGCATCACTATCCTCGAAAAGATGACGAACGGAACGTTGGCTCTCCATGGGGACAACGGCTATCCGTATGCCGTCCCCGTCAGTTATGTATATGCAGATGGCAAGATATACTTCCACAGTGCCGTGAAAGGGCATAAAGTGGATGCCATCTTGCGAAACAATAAGGTCTCGTTCTGCGTGGTGGAGCAAGATGATGTCAAGCCTGCTGAATTTACCACTTACTTCCGAAGCGTGATAGCTTTCGGCAAAGCACGTATTCTGGCGGATGAGGGAGAAAAACAGCTTGCCTTTCGGCTATTGGCAGACAAGTATTCGCATGGTGAGGTCGGCATGGAAGCTGAAATAGCCAAAGGTTTCAATCATTTGCTGATGGTGGAAATCATGGTTGAGCACATGACAGGCAAGGAA
344__QnrB_Flq__QnrB62v__803	QnrB62v	Quinolone	JQ349154		ATGACGCCATTACTGTATAAAAAAACAGGCATAGATATGACTCTGGCATTAGTTGGCGAAAAAATTGACAGAAATCGCTTCACTGGTGAGAAAGTTGAAAATAGTACATTTTTTAACTGCGATTTTTCAGGTGCCGACCTGAGCGGCACTGAATTTATCGGCTGCCAGTTCTATGATCGCGAAAGTCAGAAAGGATGCAATTTTAGTCGCGCAATGCTGAGAGATGCCATTTTCAAAAGCTGTGATTTATCAATGGCAGATTTCCGCAACGTCAGCGCATTGGGCATTGAAATTCGCCACTGCCGCGCACAAGGCGCAGATTTCCGCGGTGCAAGCTTTATGAATATGATCACCACGCGCACCTGGTTTTGCAGCGCATATATCACTAATACCAATCTAAGCTACGCCAATTTTTCGAAAGTCGTGTTGGAAAAGTGTGAGCTATGGGAAAACCGCTGGATGGGGACTCAGGTACTGGGTGCGACGTTCAGTGGTTCAGATCTCTCCGGCGGCGAGTTTTCGACTTTCGACTGGCGAGCAGCAAACTTCACACATTGCGATCTGACCAATTCGGAGTTAGGTGACTTAGATACTCGGGGTGTTGATTTACAAGGCGTTAAGTTAGACAACTACCAGGCATCGTTGCTCATGGAGCGGCTTGGCATCGCGGTAATTGGT
344__QnrB_Flq__QnrB62v__804	QnrB62v	Quinolone	JQ349155		ATGACGCCATTACTGTATAAAAAAACAGGCATAGATATGACTCTGGCATTAGTTGGCGAAAAAATTGACAGAAATCGCTTCACCGGTGAGAAAGTTGAAAATAGTACATTTTTTAACTGCGATTTTTCAGGTGCCGACCTGAGCGGCACTGAATTTATCGGCTGCCAGTTCTATGATCGCGAAAGTCAGAAAGGATGCAATTTTAGTCGCGCAATGCTGAGAGATGCCATTTTCAAAAGCTGTGATTTATCAATGGCAGATTTCCGCAACGTCAGCGCATTGGGCATTGAAATTCGCCACTGCCGCGCACAAGGCGCAGATTTCCGCGGTGCAAGCTTTATGAATATGATCACCACGCGCACCTGGTTTTGCAGCGCATATATCACTAATACCAATCTAAGCTACGCCAATTTTTCGAAAGTCGTGTTGGAAAAGTGTGAGCTATGGGAAAACCGCTGGATGGGGACTCAGGTACTGGGTGCGACGTTCAGTGGTTCAGATCTCTCCGGCGGCGAGTTTTCGACTTTCGACTGGCGAGCAGCAAACTTCACACATTGCGATCTGACCAATTCGGAGTTAGGTGACTTAGATATTCGGGGTGTTGATTTACAAGGCGTTAAGTTAGACAACTACCAGGCATCGTTGCTCATGGAGCGGCTTGGCATCGCGGTAATTGGT
778__vanZ-Pt_ATB__vanZA__975	vanZA	Divers	DQ018710		TCAGCCTAGCGCACAGTGCATAAACGACAAAACCGATTGAGCCTCCGGTGGAATTCAAAATGAGGTCGTCGACGTCGAATTTTCCGATCGAAAATAAAACTTGTGTACATTCTAACACGAGACTCGACCCTGCCAACGTCAGTTTGCCGGATTTCGCCAGAACACCGAGGAAAATGCCTAAAGGGACGAAGATCCCAACATTTCCAAACAAGTTCAAAAGGCTGTGCCCCGACATCGAATCACTCGCCCTGGAAATTTCCTTCAAAGGGATCAGATTGCCGGCATGCAGCCGGGCGGCAATACATTCCGGGTTGGTCGAGTTTCGCATTAGCCGTACCCATAGAAACTCGACGACTGTCGGGCCAAACTTGAGCACGATGATTTTGAATAATGCGTACATATAGGAGGAAAAAAATCCTGAACAACCCAA
785__vanH-Ac2_ATB__vanHAc2__985	vanHAc2	Divers	AY618461		CTACTTCCCGCTTTCGAATTCGAGGCAATTGATGATGGAGTTTTCAACAGTGTCGCTCAGAGCGTGGTCCGTGTAATAGGCGGTATGCGGACTGATGATCACGTTCGACAGCTCCTGCAGCCGCAGCAACGGCTTGTTGCCGTCGATTGCCTTGTCCCGGCAGTCGGCGTAGAAGATGCCTTCCTCTCCTTCGAGGACGTCCAGCGCCGCTCCGCCGAGGTTTCCGCTTTCCAGGGCCGAGATGAGGGCCTCGGTTTCGATGAGTGGACCGCGCCCGGTGTTGATGATGTACGCGCCACCCTTCATCTCCTCGATGTTCCGACGATCGAGGAGGTGATACGTGTCCGTGTTGAGTGGCACGTGAAGTGTCACGATATCGCTCTGCTGCAGCAAATCGTCGAGGGGGACGTAATCGGCGGAGGCGTTGGGGATCGTGTCATAGGCCAGCACCCGGCAGCCGAAGCCCTTCAACCTGTCCATGACCGCGACACCGATGCGCCCTGTTCCGACCACCCCGACGGTCAGGTCGCGCAGTTCTTTCCCGCGTACGGCGTTCAGCCGGTAGTCATGGACTTCCGTGCGGCGGATGATGGATTTGGCGTCGCGTATCACCATCAGCATCAGCATCAGCGTGAAGTCCGCGACGCTGTCCGGCGAGTAGGCGACGTTACCGACGGTGATGCCGATGCTCTCGGCGTATTCCACGTCGATGTG
786__vanX-Ac2_ATB__vanXAc2__986	vanXAc2	Divers	AY618461		CAGGGTGTAGTGCCACCACTCGAACTCATAGGAGCCGAACCCGCTGTCCACCATGATGGAGCAGAGGTGTTCACGGTTCTTCTCCTGTTCCGGCGTGATTCCCGCCGCGCCGTGGTGTGAAACGACGTCCATCACGTCGTGGTCGCCACCCATGTCGGCGAGTTCACCGGTGTCCAAGTGGTACAGCGTCAGGTCCACCGTGCTGCCCCGGCTGTGGCCCGACTTGGTGGCCACGTAGCCCTTTTCGAACATCTGGGGCCGGTCGATGTTCGGGTAGTGCCTGAGCTTCTTGCGGCCGTCTTCGGGCTGTTCCGCCCAGCGCATGAAGCAGTCCACGGCGCGCTGCGGACGGTAGACGTCCCAAAGGAGCAGGCCGAAGCCGAGAGACTCGGCTTTCTCCCGCGCCTTTTCCAACGCCGCGCAGAAAGCCCGCGTGCCGACGACGCGGTTCACCAGATATCCGTCCACCGGTTTGCCGGTGAAGTTGTCCCAGGTGGCGTATTTGGCATCCCAGCGGATTCCGGGCACAACCTCGTCTACGAAGACGAAATCGTCTTTCAT
